square_footage,bedrooms,bathrooms,year_built,lot_size,distance_to_city,location_type,condition,garage,pool,price
1552,3,1.5,1972,8498,7.8,Urban,Good,Yes,No,349851
1816,6,2.5,1979,18661,28.3,Suburban,Poor,Yes,No,387413
3247,3,2.5,1949,20783,2.9,Urban,Poor,Yes,No,514160
2056,4,3,2015,11593,10.5,Rural,Fair,Yes,No,276500
2103,3,1.5,2019,10849,17.9,Suburban,Good,Yes,No,379320
3372,4,2,1923,13712,30.3,Suburban,Excellent,Yes,No,730844
2369,4,1,1960,6637,5.3,Suburban,Fair,Yes,No,471764
988,2,2,1969,12489,6.6,Suburban,Poor,No,No,191735
1451,5,3.5,1997,5052,6.4,Urban,Excellent,No,Yes,473779
1643,5,3.5,2017,8513,8.6,Suburban,Fair,Yes,Yes,274749
2979,1,4,1966,13974,6.6,Urban,Fair,No,Yes,647931
2288,4,1,1926,6185,20.8,Suburban,Fair,Yes,No,367026
2321,4,1.5,1995,NA,20.7,Urban,Excellent,Yes,No,692501
2089,3,3.5,1986,12511,14.3,Suburban,Fair,Yes,No,398376
1555,3,2.5,1947,17169,5,Suburban,Excellent,Yes,No,475512
3430,3,1.5,1952,20828,9,Urban,Excellent,No,No,849987
2398,5,1.5,2010,7123,1.4,Urban,Poor,No,No,390888
427,2,1.5,1950,11953,3.1,Suburban,Fair,Yes,No,103443
2561,5,3,1963,17793,6,Suburban,Excellent,No,No,697513
1622,3,3,2019,10995,10.9,Urban,Good,Yes,No,448345
1146,2,2.5,1960,6731,9.2,Urban,Poor,No,No,156312
1826,4,4,1984,5012,7.4,Urban,Good,Yes,No,489343
1179,3,1.5,1969,17002,5.6,Urban,Fair,Yes,No,233565
1417,3,3.5,1968,22997,13.5,Suburban,Fair,Yes,No,154520
1500,4,2,1992,4763,1.8,Urban,Good,No,Yes,375438
651,5,NA,1978,10553,11.9,Suburban,Poor,Yes,No,101993
2670,5,1.5,1954,2160,12.3,Suburban,Excellent,No,No,555726
2123,1,4,1958,10348,13.3,Suburban,Excellent,Yes,No,537856
1089,3,3.5,2007,8464,6.7,Suburban,Good,Yes,No,197974
3003,1,2.5,1963,9940,7.6,Urban,Excellent,No,No,735370
2341,4,3.5,2019,24474,6.7,Suburban,Fair,No,No,453190
1764,2,3.5,1999,3007,20.4,Suburban,Good,No,No,331047
2716,3,3.5,1932,12161,20.6,Urban,Poor,Yes,Yes,411167
2703,3,4,1957,NA,3.9,Suburban,Fair,No,No,546375
2657,4,1.5,1936,6945,3.6,Suburban,Excellent,No,Yes,758658
2551,2,2.5,1980,5903,3.2,Suburban,Poor,Yes,No,345828
2443,2,1,1941,10242,5.1,Suburban,Good,Yes,No,450660
1950,3,1.5,1954,16503,7.9,Urban,Good,No,Yes,530074
1755,3,3.5,1970,8284,15.3,Urban,Poor,Yes,Yes,359436
1696,5,3.5,1966,4871,7.1,Urban,Fair,Yes,No,442106
1444,2,2.5,1976,NA,16.1,Urban,Excellent,Yes,Yes,377990
1834,3,2,1972,-89,7.9,Urban,Excellent,Yes,Yes,531228
988,3,2.5,1987,2623,13.3,Urban,Fair,Yes,No,171028
3735,3,1,1983,15432,6.1,Urban,Good,Yes,No,746675
2966,3,4,1922,12294,9.6,Suburban,Good,No,No,510736
1102,4,3.5,1956,-870,8,Suburban,Good,Yes,Yes,346836
1678,3,1.5,1954,13088,1.9,Urban,Fair,Yes,No,289569
1627,4,3,1986,-1524,5.8,Urban,Fair,Yes,No,397018
2624,2,4,1931,7765,6.4,Suburban,Good,Yes,No,497453
1933,5,2,2000,11497,13.2,Suburban,Excellent,Yes,No,491550
2203,2,2,1951,2858,3.1,Urban,Good,Yes,No,436709
1977,3,3.5,1955,16337,3.4,Suburban,Good,Yes,No,465049
1966,6,2,1941,16073,14.3,Suburban,Good,Yes,No,422603
3095,3,1.5,1930,6626,5.5,Urban,Excellent,Yes,No,836631
1819,3,2.5,1940,15605,13.9,Suburban,Fair,Yes,No,284926
3213,5,1.5,1929,10983,7.5,Urban,Good,Yes,No,665079
761,2,3.5,1990,13251,9.7,Urban,Good,Yes,Yes,191790
2468,4,3,2017,13355,6.4,Suburban,Fair,Yes,No,428878
2099,4,2.5,1996,3579,8.9,Suburban,Good,Yes,No,386128
2173,1,1.5,1975,-131,1.9,Urban,Good,No,No,459914
2304,1,1.5,1945,21027,12.4,Urban,Excellent,No,No,544354
1598,3,2.5,1920,11157,11.9,Suburban,Excellent,No,No,392347
1733,4,2.5,1961,11878,10,Suburban,Good,No,No,379084
1185,3,1,1940,4035,5.5,Suburban,Good,Yes,No,242777
1143,2,1,1963,15663,10.1,Suburban,Fair,No,Yes,247423
2243,4,4,1932,19197,2.4,Urban,Fair,No,No,571348
2359,3,2,1981,17639,9.4,Suburban,Good,Yes,No,486858
2042,6,4.5,1998,-118,3.4,Rural,Fair,Yes,No,405588
2738,4,3.5,2001,NA,5.6,Urban,Excellent,Yes,No,864839
3640,2,4,2007,10489,16.1,Urban,Good,Yes,No,813023
1607,5,2.5,1935,13484,44.9,Suburban,Good,Yes,No,274541
153,5,4,NA,7281,15.5,Urban,Fair,Yes,No,165717
2805,2,3.5,2009,5707,2.6,Urban,Excellent,No,No,786967
1433,3,2,2003,11149,13.1,Urban,Fair,No,No,301453
1450,2,3.5,1973,5287,28.8,Suburban,Fair,No,No,197422
2820,5,4,1979,20218,9.9,Suburban,Fair,Yes,Yes,583062
1772,2,3.5,1932,873,22.2,Urban,Fair,Yes,No,309711
1023,4,3.5,1974,12544,14.9,Suburban,Good,Yes,Yes,253406
2145,4,3.5,1991,18,6.4,Rural,Fair,Yes,No,321197
1889,4,1.5,1992,7528,9.6,Urban,Fair,No,No,346389
2005,5,1,1990,17422,9.5,Suburban,Fair,Yes,No,350687
2308,3,2.5,2017,15609,10.3,Urban,Fair,Yes,No,604107
1703,4,3,1957,3001,16.8,Suburban,Excellent,Yes,No,465605
2516,3,4.5,1984,2620,2.8,Urban,Excellent,Yes,No,713204
1824,2,4.5,1963,10291,5.1,Suburban,Poor,Yes,No,411235
2265,3,3.5,2020,5235,0.8,Urban,Good,No,No,519145
2877,6,2,1991,12029,9.6,Suburban,Fair,No,No,511038
2348,3,3,2007,5080,0.3,Urban,Good,Yes,No,638116
1739,2,3.5,1939,1949,11.9,Suburban,Fair,Yes,Yes,396833
2919,3,4,1928,NA,6.3,Urban,Fair,Yes,No,665862
2795,6,3,1984,3879,10.3,Urban,Fair,No,Yes,573602
2439,4,1.5,2017,15433,10.7,Suburban,Good,Yes,No,404525
2191,2,3.5,1985,8326,9.9,Suburban,Good,Yes,No,506825
1498,3,4,2011,9811,17.8,Rural,Excellent,Yes,No,318726
3089,4,2.5,1971,16903,4.1,Urban,Fair,Yes,No,657171
1520,4,1.5,1993,19289,14.3,Suburban,Good,Yes,No,334668
3750,3,2,2013,9735,0.8,Rural,Good,Yes,Yes,510726
3226,3,1,1920,11667,1.5,Suburban,Fair,No,No,509961
1811,2,3,1999,16545,10.8,Suburban,Good,Yes,No,414118
1179,3,3,1940,9128,18.5,Urban,Fair,Yes,No,291189
1432,2,3,1991,4782,1.7,Urban,Poor,Yes,Yes,349744
2206,1,4,1927,14971,10.3,Suburban,Poor,Yes,Yes,299982
1803,3,2.5,2017,2377,3.1,Suburban,Good,Yes,No,378158
1722,4,2,2015,8774,16.4,Urban,Fair,Yes,No,369307
1239,3,3,1990,7989,11.4,Suburban,Poor,No,No,170871
1964,2,1,1966,7386,29.8,Suburban,Fair,Yes,No,256838
1372,5,3.5,1958,-3768,20.1,Suburban,Excellent,Yes,No,314487
666,3,3.5,1999,7065,16.8,Urban,Good,Yes,No,201673
1696,5,2,1931,16332,1.9,Suburban,Poor,Yes,No,198954
2735,3,1.5,1994,7656,33.9,Urban,Good,No,No,440810
1540,3,4,1984,6905,10.2,Urban,Fair,Yes,No,341701
2486,3,2,1984,6669,6.5,Urban,Good,Yes,No,498676
706,4,4.5,1996,5626,15.6,Suburban,Fair,No,Yes,319648
1956,4,3.5,2013,10730,10.4,Suburban,Fair,Yes,No,397878
2416,3,4.5,1920,12964,11.4,Suburban,Poor,Yes,Yes,409539
2241,1,3.5,1924,17244,3,Suburban,Good,Yes,No,421138
2085,3,2,2017,2170,9,Urban,Fair,Yes,No,357961
1487,6,2.5,2003,11977,19.6,Rural,Excellent,Yes,No,300356
1320,4,1,1920,9234,7.2,Urban,Good,Yes,No,381141
1181,2,4,1923,11426,4.6,Suburban,Fair,Yes,Yes,334541
2094,3,3,1941,4841,6.4,Rural,Good,No,Yes,314345
1242,3,2,1987,10228,10.3,Suburban,Fair,No,No,126627
1608,5,4,1941,4232,24.4,Suburban,Good,Yes,No,324649
1795,6,4,1965,13299,13.8,Urban,Good,Yes,No,475815
3475,2,3.5,1944,5269,7.3,Suburban,Fair,No,No,609682
1478,5,3,2003,10318,10.4,Suburban,Fair,No,No,264822
2188,4,1.5,1955,-636,5.7,Suburban,Fair,No,No,290114
2062,2,4,1929,11635,5.8,Urban,Good,Yes,No,539691
1231,3,1.5,1969,15539,10.3,Rural,Fair,No,Yes,160020
1943,1,4,1975,13831,4.4,Suburban,Good,Yes,No,422478
3156,3,3,1920,15268,20.9,Urban,Good,Yes,No,665127
2361,4,3,2009,3220,16.6,Suburban,Good,Yes,No,440940
2033,5,3.5,2007,9153,4.6,Urban,Good,No,No,536841
1662,3,2.5,1940,9651,12.1,Urban,Poor,Yes,No,301605
357,2,4,2019,13601,8.7,Suburban,Good,No,Yes,115530
2905,3,4,1981,9161,16.8,Suburban,Good,Yes,No,543460
831,2,4,1945,8984,20,Rural,Good,No,Yes,221673
2592,3,2.5,1999,18391,14.8,Suburban,Poor,No,No,320308
3527,2,1.5,1979,15455,19,Suburban,Poor,Yes,No,349889
845,4,3.5,1969,1218,5.5,Suburban,Good,Yes,No,181209
2561,6,1.5,NA,8077,6.5,Rural,Poor,Yes,Yes,347942
1790,3,1,1981,5039,11.7,Suburban,Excellent,Yes,No,377646
742,3,1,1921,24858,21.1,Suburban,Good,No,No,137358
788,3,3.5,2015,7528,25.4,Suburban,Good,Yes,No,259550
719,3,3.5,2013,15740,9.4,Urban,Excellent,Yes,No,359526
1575,3,1.5,1945,10481,12.9,Urban,Fair,Yes,No,328308
831,3,4,1997,10544,18.5,Suburban,Fair,Yes,No,178860
2550,6,4,2016,12476,12.2,Suburban,Fair,No,Yes,519113
3680,3,3,1991,9287,7.6,Suburban,Fair,No,Yes,601707
970,2,4.5,1980,14165,14.7,Suburban,Excellent,No,No,280947
2630,4,1.5,2014,12799,4,Suburban,Excellent,Yes,No,671626
2615,5,1,2019,1575,13,Suburban,Excellent,Yes,No,558280
2266,2,4.5,1970,NA,7.3,Suburban,Fair,Yes,No,469468
1193,3,4,1982,7383,15.7,Suburban,Fair,Yes,Yes,318409
1904,2,2,1933,7469,6.7,Suburban,Excellent,Yes,No,473950
1776,3,2.5,1948,15326,3.2,Urban,Good,Yes,No,477944
2450,2,4.5,1937,17435,12.9,Suburban,Fair,Yes,No,416793
1702,3,1.5,2016,5391,21,Suburban,Fair,Yes,No,326010
2782,3,3.5,1943,12707,32.2,Suburban,Good,Yes,No,519040
1700,4,3,2014,4151,14.2,Urban,Excellent,No,No,362055
2842,3,4,1924,7215,1.6,Suburban,Fair,Yes,Yes,557726
1161,3,3.5,1942,11492,0.8,Rural,Good,Yes,No,267630
992,5,3,2017,9055,52.7,Suburban,Fair,No,No,156924
4593,3,1.5,1981,6598,1.7,Urban,Fair,Yes,Yes,905712
1667,3,2.5,1981,3713,13.6,Urban,Good,No,No,404712
2239,4,2.5,NA,8441,16.6,Urban,Excellent,Yes,No,582885
2509,4,1.5,1943,10262,14.8,Suburban,Fair,Yes,No,482583
1613,2,4,1963,12811,6.5,Suburban,Good,Yes,Yes,406362
2413,3,2,1945,5621,5.3,Urban,Fair,Yes,No,469717
2295,3,3,2002,12934,29.6,Suburban,Poor,Yes,No,335073
1828,4,2.5,2004,4181,0.8,Suburban,Excellent,Yes,No,548457
2052,3,3,1944,7269,17.5,Rural,Fair,Yes,No,251158
1973,3,3,1972,12252,10.8,Suburban,Fair,Yes,Yes,341301
3703,5,1.5,1942,6537,4.3,Urban,Excellent,No,Yes,958067
1407,3,2.5,1965,6102,3.9,Urban,Fair,Yes,No,235841
1123,3,1.5,2016,9763,5.8,Suburban,Excellent,Yes,No,289871
2030,1,2.5,1936,10177,6.5,Suburban,Good,Yes,No,303038
2248,3,3.5,1961,14672,12.1,Urban,Good,No,No,575942
2349,4,NA,1960,8833,14.9,Suburban,Fair,Yes,No,437920
1633,5,2,1991,1496,11.3,Suburban,Poor,Yes,No,225020
1149,3,2,1961,6721,22,Suburban,Fair,Yes,No,148351
3011,5,1,2002,6848,11.8,Suburban,Fair,Yes,No,538081
1720,2,2,1985,5338,9.6,Urban,Good,No,No,398771
1308,3,3.5,1970,11610,13.5,Suburban,Fair,No,Yes,261046
1811,3,1.5,1958,22509,6.7,Suburban,Good,Yes,No,441654
1842,4,4.5,1989,13971,16,Urban,Excellent,Yes,No,489120
2888,3,4,1953,9226,5,Rural,Fair,Yes,Yes,445204
2068,3,4,1920,12518,15.2,Suburban,Good,No,No,412498
2603,2,3,2011,17214,7.7,Urban,Fair,No,No,553718
1601,4,2,1993,8454,3.6,Suburban,Fair,No,No,248695
2172,2,2.5,1959,13322,16.5,Suburban,Fair,No,Yes,418382
1740,4,1.5,1929,12809,22.3,Suburban,Poor,Yes,No,201678
2076,3,2,1962,9387,4.6,Suburban,Poor,Yes,No,327851
1284,6,2.5,1951,10283,13.7,Suburban,Excellent,No,No,319775
951,1,NA,1998,13259,14.5,Suburban,Fair,Yes,No,123507
3598,4,3.5,1979,9869,3.3,Suburban,Good,No,No,625296
2481,3,1.5,1973,8302,23.2,Suburban,Good,Yes,No,489859
999,2,2.5,1996,7030,10.1,Suburban,Good,Yes,No,224763
1511,4,1.5,1961,11455,1.9,Suburban,Poor,Yes,No,167127
1052,3,3,1938,9725,6.2,Suburban,Excellent,Yes,No,299375
3759,3,1,1950,8141,11.6,Urban,Good,Yes,Yes,770228
3050,2,4,1985,10883,7.9,Suburban,Good,No,No,508028
1788,4,4,1980,6135,2.5,Urban,Good,Yes,No,504776
2435,3,1.5,2018,5988,7.3,Urban,Good,No,No,496559
1669,3,3,2006,16868,2.3,Urban,Fair,Yes,No,357903
1619,2,3,1973,5593,16.9,Suburban,Good,Yes,No,375188
1369,3,1.5,1972,11579,1.8,Urban,Fair,No,No,307425
1524,4,3.5,1936,5158,6.3,Urban,Good,No,No,413133
3321,3,4,1992,8847,11,Suburban,Fair,Yes,No,655229
1957,4,4.5,1923,11952,6.7,Suburban,Fair,Yes,No,405195
2095,2,3.5,NA,4952,7.7,Rural,Excellent,Yes,Yes,370897
2195,3,1,2020,12975,18.5,Urban,Good,No,No,468471
2986,1,3.5,1979,11095,15.3,Suburban,Poor,No,No,446225
1587,4,2,2001,8417,19.2,Suburban,Good,Yes,No,289325
1206,5,2.5,1948,11227,13.1,Suburban,Excellent,No,Yes,477342
3341,3,1,1933,10375,0.1,Suburban,Fair,No,Yes,573539
1647,1,2,NA,5802,2.1,Suburban,Excellent,Yes,No,405720
1422,3,2,1937,3015,1.8,Suburban,Poor,Yes,No,234897
1011,5,2.5,1969,10531,15.5,Suburban,Fair,Yes,No,274911
972,3,4,1920,4976,5.7,Suburban,Excellent,Yes,No,255187
1541,5,3.5,1966,9824,2.9,Suburban,Good,Yes,Yes,474896
2494,3,2.5,1958,1760,9,Suburban,Poor,No,Yes,418137
2888,5,4,1968,5355,3.5,Urban,Fair,Yes,Yes,743171
2566,2,2.5,1982,11361,6.6,Suburban,Fair,No,No,444920
1709,4,4.5,1926,15227,3,Suburban,Good,Yes,Yes,308435
2048,4,3.5,1976,10846,8.5,Suburban,Fair,No,No,379387
1436,3,2,1970,5028,1.8,Urban,Excellent,No,Yes,489174
1426,4,2,1967,7923,13.8,Suburban,Good,Yes,No,336557
2708,3,1.5,1952,15468,7.5,Suburban,Excellent,Yes,No,619670
1188,2,4,1969,12593,8.7,Urban,Excellent,Yes,Yes,510207
3564,3,3,1932,13935,10.9,Suburban,Poor,No,No,492874
1928,3,4,2001,14984,3.3,Suburban,Fair,Yes,No,388905
2172,2,4.5,1989,11887,2.7,Suburban,Good,Yes,No,437226
1409,2,3,2020,15547,4.7,Suburban,Fair,Yes,No,242121
1540,5,2,1940,5134,10.4,Suburban,Good,Yes,No,399601
946,2,3.5,2001,11498,1.4,Urban,Good,Yes,No,313168
1854,5,4,2004,8303,11.8,Suburban,Good,Yes,No,487627
2335,2,4.5,1979,11009,4.5,Urban,Excellent,Yes,Yes,635796
2259,2,2.5,1927,16627,0.9,Urban,Fair,No,No,426561
1375,4,3.5,1946,12519,17.4,Suburban,Fair,No,No,156702
1369,3,2,1965,6852,17.7,Urban,Fair,Yes,No,312063
1598,2,2.5,2020,8249,18.3,Urban,Good,Yes,No,403079
3197,1,2,1976,5243,11.5,Rural,Excellent,Yes,No,509655
1090,6,3.5,1997,9551,8.6,Urban,Poor,Yes,No,299352
1857,4,2.5,1978,7502,7.7,Urban,Fair,Yes,No,474231
3522,5,3.5,1977,13958,11,Urban,Excellent,Yes,Yes,1075839
1919,6,4.5,1939,7536,7.2,Urban,Good,Yes,No,493608
912,4,1,2011,13552,9.1,Urban,Good,Yes,No,238097
1468,3,3,2009,13604,10.2,Rural,Fair,Yes,Yes,320837
2388,4,3.5,2008,7823,8.4,Suburban,Good,Yes,Yes,525841
1700,2,3.5,1997,17132,0.6,Suburban,Good,Yes,No,464269
1550,3,4,1937,10135,9.7,Suburban,Good,Yes,No,407359
1725,4,4,1963,6736,12.2,Suburban,Fair,Yes,No,396808
2072,2,4,1941,10372,10.4,Rural,Excellent,No,No,344311
3279,1,4.5,1920,5045,17.1,Urban,Excellent,Yes,Yes,924891
1929,3,3,1996,13255,22,Rural,Fair,Yes,No,279344
2865,3,3.5,1982,5524,5.4,Rural,Good,Yes,No,532856
2505,5,3,2018,16465,29.1,Suburban,Excellent,Yes,No,527806
1909,5,1.5,1984,-371,2.7,Urban,Excellent,No,No,548303
774,2,2.5,1997,4438,12.9,Urban,Good,No,No,210046
1583,3,1.5,1965,8308,13.4,Suburban,Excellent,Yes,No,389412
1608,3,3,1937,6497,14.1,Urban,Fair,No,Yes,342566
2038,3,1,1984,16735,16.1,Urban,Excellent,Yes,No,625009
3040,4,3.5,1923,9698,9.4,Suburban,Fair,Yes,No,557630
3834,3,1,1930,11774,2.8,Suburban,Excellent,Yes,No,769830
3238,1,1.5,1977,13537,13,Urban,Good,No,No,521300
1893,5,4,1932,10764,2.5,Suburban,Good,Yes,No,445145
595,3,4.5,1953,14805,10.9,Suburban,Excellent,Yes,No,277710
1689,2,2,2014,12199,12.4,Urban,Good,Yes,No,423051
2071,3,3,1991,13491,8.5,Suburban,Excellent,Yes,No,512272
2676,3,3.5,1967,2570,18.4,Suburban,Poor,Yes,Yes,352822
2770,3,3,1950,4368,7.2,Urban,Good,Yes,No,615507
2547,6,4,2003,-1132,2.9,Suburban,Excellent,No,No,691435
884,3,3.5,1924,8734,8.4,Suburban,Good,Yes,No,211417
2680,5,2,1963,17159,10.4,Suburban,Good,Yes,No,605837
1643,5,1,1982,5108,1.3,Suburban,Excellent,Yes,Yes,431806
2140,3,2.5,1989,NA,21.7,Suburban,Excellent,Yes,No,575589
2060,3,2.5,2020,12205,8.6,Suburban,Good,Yes,No,436300
2343,4,3,1987,11193,8.9,Urban,Poor,Yes,No,399936
2020,2,3.5,1999,8579,20.4,Suburban,Fair,Yes,No,278023
666,3,3,1940,6909,5.8,Suburban,Fair,No,No,212546
2589,3,2.5,1974,6816,0.6,Urban,Good,Yes,No,602564
2309,3,2,1981,10087,13.6,Rural,Good,Yes,No,319485
1787,4,2.5,1974,16498,1.5,Suburban,Fair,No,No,287118
2095,6,3.5,1945,6032,3.2,Rural,Good,No,No,373524
2107,2,2,1977,9387,17.9,Urban,Good,Yes,No,425713
2177,6,3.5,2009,10496,7,Suburban,Good,Yes,No,537063
3313,3,3.5,1953,13957,9.9,Suburban,Poor,No,Yes,469275
1825,5,2.5,1934,8843,39.8,Urban,Fair,Yes,No,290572
2134,3,2,1933,13189,20.8,Urban,Fair,Yes,No,386953
2935,3,1.5,1995,2516,9.7,Suburban,Fair,Yes,No,479951
2843,3,2.5,1999,13592,9.8,Suburban,Fair,No,No,487762
2916,3,3.5,1977,10482,14,Urban,Fair,Yes,No,561190
1538,3,3,1948,NA,1.5,Rural,Fair,Yes,No,315985
3602,3,4,2001,-1652,5.9,Suburban,Fair,Yes,No,599342
2053,3,1,1996,8173,16,Rural,Fair,Yes,No,266363
3493,5,4,1935,13344,3.4,Suburban,Fair,Yes,No,649697
919,3,3,2004,11595,12.4,Urban,Good,Yes,No,278594
2017,3,4,1967,8179,28.2,Suburban,Fair,Yes,Yes,332280
3000,6,2.5,1984,10250,0.7,Urban,Excellent,Yes,Yes,918742
1428,3,2,1957,10780,16,Urban,Good,Yes,Yes,416320
1398,3,2.5,1933,6238,8.7,Urban,Excellent,No,No,327152
1249,2,2,1973,10273,0.2,Suburban,Fair,Yes,Yes,237925
1158,2,1.5,1977,10561,24.6,Suburban,Good,Yes,No,269493
1650,6,2,1949,6386,7.1,Suburban,Fair,Yes,No,419611
2265,2,2,2015,10991,14,Suburban,Excellent,Yes,No,526802
389,4,2,1982,11553,19.7,Suburban,Poor,Yes,No,-49386
2170,4,1,1943,12632,12.9,Suburban,Fair,No,No,379094
2989,3,3.5,NA,13555,8.4,Urban,Good,Yes,No,688509
3630,2,2.5,1921,12052,2.1,Urban,Fair,No,No,734927
3041,3,3,1924,11507,10,Suburban,Poor,No,No,378244
2605,4,1.5,1968,9523,6.4,Urban,Good,Yes,No,532150
619,3,1,2011,12244,5.7,Rural,Good,Yes,No,108406
1519,5,1.5,1969,3654,20,Suburban,Good,Yes,No,288110
1718,2,1,2002,13271,4.5,Urban,Excellent,Yes,No,434253
2563,3,4.5,1933,NA,2.4,Urban,Excellent,Yes,No,801787
1915,5,2.5,1953,21688,5.9,Suburban,Good,Yes,No,418816
993,3,4,1961,7018,20.2,Urban,Good,Yes,No,278187
3348,3,3,1945,-4438,1.8,Urban,Good,No,Yes,728404
2729,2,1.5,1928,16860,15.7,Suburban,Fair,Yes,No,462584
2190,5,1,1949,7007,3.5,Urban,Fair,No,No,441997
2974,2,2.5,2010,12965,3.1,Suburban,Excellent,No,Yes,746081
929,2,1.5,1935,11129,4,Urban,Good,Yes,No,220482
2529,3,4,1920,15482,8.3,Rural,Good,Yes,No,399735
1582,4,3,1979,5484,14.2,Suburban,Poor,Yes,No,230088
2547,2,3,1996,4055,16.3,Urban,Good,No,No,481083
1951,3,4,1983,15325,11.9,Suburban,Fair,Yes,No,444380
2506,5,1.5,1984,5207,11,Suburban,Good,Yes,No,569088
3068,3,1,1931,2332,6.9,Suburban,Excellent,No,No,609996
2006,2,3,1982,13890,3.6,Suburban,Good,Yes,No,431757
2814,3,1.5,2000,9674,3.1,Suburban,Good,Yes,No,545669
1049,3,2,1943,21391,2.7,Rural,Excellent,Yes,No,240304
1423,5,1.5,1958,11718,7.2,Rural,Good,No,Yes,283149
3215,4,1.5,2019,8235,15.3,Suburban,Excellent,Yes,Yes,752171
2302,5,3,1970,6864,4.2,Suburban,Poor,Yes,No,317919
358,3,1,1986,18423,15.3,Suburban,Good,Yes,No,89531
909,4,3,1943,3925,10.7,Urban,Excellent,Yes,No,354043
1839,4,3.5,1977,13085,14.9,Suburban,Poor,Yes,No,297523
2693,6,2.5,1958,12808,11.9,Urban,Excellent,No,Yes,735818
1918,2,3.5,1990,7136,6.8,Rural,Poor,Yes,Yes,318233
2499,3,1,1927,17679,1.7,Urban,Good,Yes,No,565241
2767,6,3,1937,6262,19.6,Suburban,Excellent,Yes,No,697491
3337,5,2,1978,9903,2.3,Suburban,Good,No,No,602051
2045,2,1.5,1989,11938,9,Suburban,Excellent,No,No,418544
1958,2,2,2009,21616,5.7,Suburban,Good,Yes,No,400390
597,4,3,2014,13076,12.4,Suburban,Fair,Yes,No,185931
2079,3,2.5,1984,18658,6.1,Suburban,Poor,Yes,No,323229
1543,5,NA,1932,6357,36.8,Suburban,Good,Yes,Yes,342492
1221,5,4.5,1925,1273,8.3,Urban,Good,No,No,314447
1856,2,3,1929,14447,20.8,Urban,Excellent,Yes,Yes,570319
2812,6,2,1955,1858,8.8,Urban,Poor,Yes,Yes,468867
406,3,3.5,1972,3289,23.4,Suburban,Fair,Yes,No,123562
1658,5,3,1955,13054,0.1,Rural,Good,Yes,No,224213
2093,2,1.5,1947,9721,2.7,Rural,Poor,No,Yes,238981
1285,3,2,1979,14235,16,Suburban,Good,Yes,No,263143
2267,4,1.5,2003,17166,15.4,Suburban,Good,Yes,Yes,440074
2329,3,1.5,1946,14564,5.4,Suburban,Good,Yes,No,494303
1974,4,3.5,1943,11912,20,Rural,Poor,Yes,Yes,221424
27,6,3.5,2009,12760,10.1,Suburban,Fair,Yes,Yes,209549
4057,2,2.5,1920,10724,18.6,Suburban,Good,No,Yes,694340
1836,4,1.5,1924,18542,3.6,Urban,Good,No,No,430711
2521,2,4,2000,10262,9,Suburban,Fair,No,No,409214
2219,4,4.5,1976,14036,14.4,Suburban,Good,No,No,486117
2820,5,1,1978,5299,8.2,Suburban,Good,Yes,No,567773
2654,3,3,2017,10196,12.1,Suburban,Good,No,No,517497
1832,2,4,1925,12,12.7,Urban,Fair,Yes,Yes,382527
2303,5,3,1939,10694,5.2,Rural,Poor,Yes,No,230282
1244,2,2,2020,2559,25.6,Rural,Fair,No,Yes,171843
2686,3,2.5,2000,9336,13,Urban,Good,Yes,No,567425
1631,4,2,2001,8799,3.2,Suburban,Excellent,No,No,382664
3933,4,4.5,1975,14860,10.3,Suburban,Poor,Yes,No,589953
679,4,3.5,1932,6789,4.1,Urban,Excellent,Yes,No,334080
1629,3,3.5,NA,6679,7.1,Urban,Good,Yes,Yes,549656
2660,1,1,2012,NA,6.3,Urban,Good,Yes,No,584093
2408,3,2.5,1955,13102,5.6,Urban,Excellent,Yes,No,672483
1528,6,2.5,1942,15443,4.5,Suburban,Good,Yes,Yes,328811
1203,3,1.5,1985,8870,4.1,Suburban,Good,Yes,Yes,334545
2116,5,2,2009,17401,1,Suburban,Poor,Yes,Yes,299150
1989,2,1.5,1931,7951,2.9,Suburban,Excellent,No,No,500671
568,4,2.5,1989,4988,10.1,Suburban,Fair,Yes,No,258040
2028,5,2,1984,11146,7.7,Urban,Good,No,No,434886
2152,3,3,2020,13431,4.8,Urban,Good,No,No,468395
2140,3,4,1948,2532,4.8,Urban,Fair,Yes,No,522371
1156,3,3,1959,1822,14,Suburban,Good,Yes,Yes,274500
2381,3,2.5,1941,10232,10.7,Urban,Poor,No,No,411667
3103,3,2,1968,12402,5.7,Urban,Excellent,Yes,No,866435
2365,1,2,2020,-1722,5.1,Rural,Good,Yes,No,357521
1092,3,1,1955,1469,34.4,Suburban,Fair,Yes,No,105823
1651,3,4,1934,11539,19.7,Urban,Poor,No,Yes,354050
2277,4,4.5,1956,14444,5.1,Suburban,Excellent,Yes,Yes,598935
1482,4,4,1955,8095,25.6,Suburban,Good,No,No,342874
274,3,2,1938,16002,3,Rural,Good,Yes,No,137691
2707,3,2,1980,6931,6.1,Suburban,Good,Yes,No,411605
1336,2,2,1920,9167,12.6,Suburban,Good,No,No,145385
1541,3,2,1970,16749,1.6,Suburban,Good,Yes,Yes,322563
3203,6,3,1944,9592,14.8,Suburban,Fair,Yes,No,643313
1381,2,3,1934,10129,20.3,Suburban,Excellent,Yes,No,294039
2677,4,1.5,1974,5501,25.9,Suburban,Excellent,No,No,528566
991,2,2.5,1969,10335,6.1,Suburban,Good,No,No,189948
1716,2,1,1999,6779,33.6,Urban,Good,Yes,No,181318
1941,2,3.5,1965,1003,5.4,Suburban,Good,No,Yes,475941
1065,3,4.5,1969,5148,6.7,Suburban,Good,No,No,307977
1492,3,4.5,2000,8807,9,Suburban,Fair,Yes,No,329201
1977,3,4,2012,10818,4.9,Urban,Fair,No,Yes,411052
2537,3,2.5,1998,15340,4.3,Rural,Good,Yes,Yes,503336
680,3,2.5,1946,10193,15,Urban,Good,Yes,Yes,261960
1720,1,2.5,1930,9363,11.3,Suburban,Good,No,No,337219
2605,2,4.5,1942,15531,2.3,Rural,Fair,No,No,423555
1569,1,3.5,1976,22075,11.4,Suburban,Poor,No,Yes,241555
2182,3,2.5,1981,9573,16.5,Suburban,Fair,Yes,No,406450
2394,3,2.5,1999,15890,13.8,Suburban,Fair,Yes,No,419921
2214,2,3.5,1974,12431,20,Urban,Good,No,No,530376
2523,2,3.5,1973,9620,4.6,Suburban,Excellent,Yes,No,633786
1902,5,2.5,1994,396,0.7,Suburban,Fair,No,No,398114
1669,6,NA,1932,5162,13.9,Rural,Good,No,Yes,340322
-115,4,2.5,1939,7216,14.5,Suburban,Poor,Yes,No,15106
1926,5,3.5,1938,4449,30.4,Suburban,Good,Yes,No,404945
2344,3,3.5,1946,4194,10,Suburban,Excellent,Yes,No,611945
2428,5,1,2007,7935,17,Suburban,Excellent,Yes,No,564309
1556,3,2.5,1933,14759,9,Suburban,Excellent,Yes,No,344181
3424,3,3,1952,5399,11,Suburban,Fair,Yes,No,544536
2229,2,1.5,2016,10591,15.1,Urban,Good,Yes,No,443885
2101,1,2,1960,8985,6.5,Urban,Poor,Yes,No,368961
3018,2,1.5,1936,13965,7.6,Rural,Good,Yes,Yes,486836
1425,3,1.5,1980,10192,6.3,Suburban,Excellent,Yes,No,331185
1640,3,4,1929,9159,7.8,Suburban,Fair,No,No,369996
3918,4,2,2007,7079,10.9,Urban,Good,Yes,No,866298
2009,4,1,1966,14459,2.5,Suburban,Excellent,Yes,No,495799
3307,2,3.5,1957,15697,17,Suburban,Excellent,No,No,703670
849,4,3.5,1965,10097,26.5,Suburban,Excellent,Yes,No,156487
1848,3,3,1944,NA,5.6,Suburban,Good,Yes,No,535299
2303,3,3,1974,9985,4.1,Suburban,Fair,Yes,Yes,414661
2240,3,3.5,1994,24619,2.1,Suburban,Fair,No,Yes,436111
1195,4,4,1959,9331,2.7,Suburban,Excellent,No,No,325519
2015,3,4,1937,2146,13.5,Suburban,Fair,Yes,No,403923
1138,3,3,1999,2876,10.3,Rural,Excellent,Yes,Yes,310593
2570,6,4,2014,5643,8.6,Urban,Good,No,No,618379
2868,1,1.5,1928,17392,10.7,Urban,Good,Yes,Yes,609646
220,2,2.5,1925,18517,8.3,Urban,Good,No,No,6673
2989,3,2.5,1999,11988,5,Rural,Good,No,No,526168
1007,4,1.5,1960,11542,7.9,Suburban,Fair,Yes,Yes,204399
2364,4,1,1975,7315,5.5,Urban,Excellent,Yes,No,626273
2528,2,2.5,1955,6617,9.1,Suburban,Fair,Yes,No,456522
1840,2,1.5,1963,6410,8.6,Urban,Good,Yes,Yes,411518
1484,3,4,1930,5647,17.8,Urban,Good,Yes,No,346282
2132,3,3,1921,7300,1.7,Urban,Good,Yes,No,425781
2351,3,2.5,1956,6887,20.8,Urban,Poor,Yes,No,339016
2707,3,3,1948,12643,8.9,Suburban,Excellent,No,No,541730
358,4,1,1947,13854,9.1,Suburban,Poor,Yes,Yes,139914
691,3,3.5,1928,18016,1.7,Urban,Poor,No,No,160455
3144,3,3.5,1990,-2243,9,Urban,Good,No,No,693474
2837,3,1.5,1947,12476,19,Urban,Excellent,No,No,767520
2348,3,3,1969,8408,5.8,Suburban,Good,Yes,No,340093
2572,3,3.5,1992,8668,5.6,Urban,Good,Yes,Yes,634020
2734,3,2,1932,1791,10.3,Suburban,Excellent,Yes,Yes,625379
-129,3,3.5,1984,NA,24.8,Suburban,Fair,Yes,No,68331
2888,3,3,1953,6120,16.7,Urban,Poor,No,Yes,402422
1612,2,2,1970,11779,10.6,Suburban,Good,Yes,Yes,320907
2184,2,4,1977,4436,3.5,Urban,Good,No,No,486775
1764,3,1,1926,27230,5.1,Suburban,Fair,No,No,315745
2698,6,4,1987,6090,4.7,Suburban,Fair,Yes,No,523087
1721,4,4,1993,8589,5.7,Suburban,Poor,Yes,No,302517
2415,3,NA,1960,3856,0.8,Urban,Good,Yes,No,533103
1687,3,2.5,1986,8374,1.8,Suburban,Fair,No,No,299441
1126,4,3,1975,20671,9.8,Suburban,Good,Yes,No,272508
2968,6,3,1944,8066,1,Suburban,Fair,Yes,No,541736
2593,5,1.5,1973,13051,12.8,Suburban,Excellent,Yes,No,535671
3379,2,2,1937,5301,3.9,Suburban,Fair,No,No,624802
2052,3,2,2013,17692,2,Suburban,Good,Yes,No,490321
2900,3,1.5,1926,12342,12,Suburban,Good,Yes,No,515466
3580,2,4.5,1965,6417,14.9,Suburban,Good,Yes,Yes,697711
1775,3,2,1989,11152,8.4,Urban,Good,Yes,No,388537
942,4,4.5,1970,8066,13.5,Urban,Good,Yes,No,321679
1809,4,4,1965,12544,4.4,Urban,Fair,Yes,No,370316
1829,3,2.5,1935,5953,3,Suburban,Good,Yes,Yes,432208
2121,4,4,1921,12316,11.7,Suburban,Good,No,No,329077
3370,2,2,1973,17916,1.1,Urban,Fair,Yes,No,617597
1739,3,3.5,1946,16314,5,Urban,Poor,No,No,401402
2298,4,1.5,1963,11525,6.1,Suburban,Fair,Yes,No,401664
1818,1,1.5,1968,11668,1.5,Urban,Fair,Yes,No,358480
2016,2,4.5,1964,12108,12.7,Urban,Good,Yes,No,487573
2251,4,1,1988,14492,6.3,Suburban,Good,Yes,No,412584
3063,3,3,1990,11930,2.7,Suburban,Good,Yes,No,648715
2097,2,3.5,2010,13030,10.7,Suburban,Fair,Yes,Yes,394783
2570,2,2,1967,13189,10.1,Urban,Fair,No,Yes,551961
2623,3,2.5,2008,11139,15,Suburban,Excellent,Yes,No,685130
2732,1,4,2003,13602,4,Suburban,Fair,Yes,No,564225
1540,5,2.5,1961,10289,8.7,Suburban,Fair,Yes,No,288407
3302,5,1.5,1997,15056,1.5,Suburban,Poor,Yes,No,447905
1695,4,2,NA,7859,3.8,Suburban,Excellent,Yes,Yes,502163
1915,3,3.5,1991,10969,9.6,Urban,Excellent,Yes,No,533855
3123,3,1,1984,10162,9.1,Suburban,Fair,No,No,442390
3035,3,4,1927,4629,19,Urban,Fair,Yes,No,618430
1128,5,3.5,1983,15994,3.6,Rural,Fair,Yes,No,299315
1302,3,2.5,2002,4188,14.5,Suburban,Excellent,Yes,No,313201
914,4,1.5,1995,16526,1.1,Suburban,Poor,No,No,164293
2145,6,4,1956,4658,0.3,Suburban,Good,Yes,No,413358
2132,4,2,1993,5090,3,Suburban,Good,Yes,No,490633
2291,4,3.5,1933,14304,29.3,Suburban,Good,Yes,No,400957
2442,3,1,2015,9591,9.6,Rural,Good,No,No,378491
1518,3,2,1968,774,7.3,Suburban,Fair,No,No,216623
1205,2,4.5,1995,17517,3.2,Suburban,Fair,Yes,Yes,272896
2821,5,3.5,1968,-2443,1.4,Urban,Good,Yes,Yes,833441
2601,3,3.5,1951,6537,8.8,Suburban,Fair,Yes,Yes,583598
793,2,2,2020,2398,5.8,Urban,Good,No,No,166664
1924,2,1.5,1993,7160,18,Urban,Fair,Yes,No,401176
1283,3,2,1974,10443,5.6,Suburban,Good,No,No,226418
343,3,3,1992,8332,37.2,Urban,Excellent,Yes,No,85790
2120,4,3.5,1962,7106,11.6,Suburban,Good,No,No,467043
1937,5,2,1949,9181,3.3,Suburban,Excellent,Yes,No,489462
1922,6,2,1966,11346,3.4,Urban,Poor,Yes,Yes,450799
2173,3,4.5,2002,5721,8.8,Suburban,Excellent,Yes,No,611597
2706,4,2.5,1955,-374,12,Suburban,Good,Yes,No,439588
2164,3,4.5,2015,5371,6.7,Suburban,Fair,Yes,No,382144
1507,2,4,1968,478,10.7,Suburban,Fair,Yes,No,245345
1412,3,4.5,2006,NA,17,Suburban,Good,No,No,347723
1895,3,1.5,1991,19351,21.6,Suburban,Good,Yes,No,311774
2248,3,2,1992,4273,4.7,Urban,Fair,Yes,Yes,450416
1168,4,NA,1974,5573,8.2,Suburban,Poor,Yes,No,201092
1853,3,3,2002,5622,18.4,Urban,Fair,Yes,Yes,375627
2774,3,4.5,1978,13942,21.7,Suburban,Fair,Yes,No,444453
1913,2,4.5,1990,10157,22.9,Suburban,Good,Yes,No,440037
1441,3,3.5,1972,12445,18.8,Suburban,Poor,No,Yes,169579
1779,2,2.5,1940,13857,24.8,Suburban,Good,Yes,No,232381
2892,2,3.5,1939,11239,0.9,Urban,Excellent,Yes,Yes,904555
2440,2,NA,1939,12239,6.2,Suburban,Excellent,Yes,No,626298
2989,2,2,1957,4187,11,Urban,Good,Yes,No,698333
2111,4,4,1969,NA,6.6,Suburban,Good,Yes,Yes,462140
2328,1,3.5,1991,6919,3.7,Suburban,Fair,Yes,No,474421
1553,5,3.5,1929,3476,9.1,Rural,Fair,Yes,No,248732
2484,3,2,1957,4155,19.8,Suburban,Fair,No,Yes,424892
1595,5,3,2013,14688,10.6,Urban,Good,Yes,No,381518
864,2,3,1940,3497,6.4,Suburban,Good,Yes,No,246917
2102,4,2,1947,7978,1.6,Urban,Good,Yes,No,438040
3557,4,2,2010,14913,1.7,Urban,Good,No,No,729343
2641,2,4,2004,11646,7.7,Suburban,Good,Yes,No,456350
2932,5,3.5,1927,13262,7.9,Suburban,Fair,Yes,No,596130
2287,3,1,1936,11657,10.6,Suburban,Good,Yes,No,328726
1513,2,3.5,2009,9256,8.1,Urban,Good,Yes,Yes,448978
1838,3,4,1959,-999,3.2,Urban,Fair,No,No,458670
1781,3,4,2010,6956,1.4,Suburban,Good,Yes,No,480746
1625,6,1.5,1995,3108,6.1,Urban,Good,No,No,505449
2563,2,4.5,1975,8110,6.3,Suburban,Good,Yes,No,450662
1042,2,4,NA,20271,11.8,Urban,Excellent,No,No,385204
2693,1,2,1999,10691,7.1,Suburban,Fair,No,No,357872
2691,1,4,1949,6404,15.5,Suburban,Good,No,No,479508
1041,4,4,1974,14443,3.2,Urban,Excellent,Yes,No,464259
2512,4,2.5,2016,12457,7,Suburban,Fair,Yes,No,428207
3944,3,1.5,1965,9598,2.6,Suburban,Good,Yes,Yes,751850
1554,4,4,1961,8862,2.7,Suburban,Fair,No,No,413328
2676,6,2,1980,9273,19,Rural,Fair,Yes,No,387747
1374,2,2,1966,9643,4.1,Suburban,Fair,No,Yes,233029
2889,4,4,1943,13098,16.5,Suburban,Good,Yes,No,594227
2200,5,4.5,1926,10638,12.9,Rural,Excellent,Yes,Yes,453311
3322,2,2,NA,6863,5.4,Suburban,Good,Yes,No,602607
833,5,1.5,1987,14172,2.7,Suburban,Fair,No,No,235290
1959,2,3,1966,6508,32.2,Rural,Excellent,Yes,No,289762
1578,3,4,1932,16546,14.3,Urban,Good,Yes,No,476642
1842,2,1.5,1933,5099,8.3,Rural,Poor,Yes,No,249080
1496,2,3,2014,13740,21,Suburban,Excellent,No,No,328161
1333,4,2,1938,16289,12.8,Rural,Good,Yes,No,270217
2463,2,4,1984,16111,19.9,Suburban,Fair,Yes,No,490818
1130,3,2.5,1950,9439,7.2,Urban,Fair,Yes,No,205358
3187,4,2,1925,13461,18.9,Suburban,Fair,Yes,No,548179
1051,4,2,1968,-688,15.2,Urban,Good,No,Yes,212624
2081,1,4,1943,12221,11.6,Suburban,Good,Yes,No,387520
2426,3,1,1954,9454,2.6,Urban,Poor,Yes,No,453944
2469,1,2.5,1954,12999,5.1,Urban,Good,No,No,564077
1759,2,3,1982,10544,8.4,Urban,Fair,Yes,No,472910
2064,4,3,1920,16474,15.9,Urban,Good,No,No,499591
2769,5,3.5,1983,9147,5.8,Suburban,Excellent,Yes,No,736142
835,4,3,1937,13669,7.4,Suburban,Fair,Yes,No,80518
1375,4,3,1992,9470,15.9,Suburban,Fair,Yes,No,203873
2256,1,4,1997,13279,6.5,Suburban,Good,No,No,453158
1644,5,2,1998,3844,6.8,Urban,Good,Yes,No,314053
3096,4,1,1996,13033,8.9,Suburban,Fair,Yes,No,498047
2539,3,4,2008,8052,3.5,Suburban,Fair,Yes,No,445262
2058,3,3.5,2014,11974,4.2,Suburban,Poor,Yes,No,333066
794,2,4,2000,5623,16.9,Urban,Good,Yes,No,236323
2021,3,1,1949,12708,4.9,Suburban,Poor,No,Yes,326144
1747,4,1,NA,24958,8.1,Suburban,Fair,Yes,Yes,310476
1918,2,3,1960,17703,25.6,Urban,Fair,Yes,No,377595
1055,3,4,2014,14902,5.7,Rural,Fair,Yes,No,146487
2399,5,2.5,2002,6905,6.9,Rural,Excellent,Yes,No,517635
1169,6,1,1963,11624,5,Urban,Good,Yes,No,271055
1819,3,2.5,1937,9208,14.7,Rural,Fair,Yes,No,297003
2305,3,2.5,1951,74,4.8,Urban,Good,Yes,No,668149
1373,4,2.5,NA,8799,4.3,Rural,Good,Yes,No,257875
2466,2,1.5,1969,8417,11.1,Suburban,Fair,Yes,Yes,453574
947,3,2.5,1976,9552,16.8,Urban,Good,Yes,No,308011
-248,2,2,1931,7340,18.8,Suburban,Fair,Yes,No,9470
2372,4,2.5,1930,13259,8.9,Rural,Excellent,Yes,No,526987
2672,2,4,NA,19593,8.6,Suburban,Fair,No,No,416987
1771,3,3,1959,15778,10.4,Suburban,Excellent,Yes,No,352026
2403,2,3.5,1977,13301,15.6,Suburban,Poor,Yes,Yes,369080
1075,6,1,2001,10275,8.6,Urban,Good,Yes,No,301155
1898,4,3.5,1954,10379,5.3,Suburban,Good,Yes,No,395800
447,1,4,1936,NA,17,Urban,Good,No,No,141786
2945,3,1,1983,16408,13.6,Urban,Good,Yes,No,568809
3488,2,1,1958,7040,14.6,Urban,Good,Yes,Yes,678823
2859,3,3,1998,14749,9.8,Suburban,Good,No,No,592802
1978,4,NA,2004,4084,4.1,Suburban,Excellent,Yes,No,589665
1973,3,3.5,1945,4037,14.2,Urban,Poor,Yes,No,316533
787,2,2,1964,17979,6.6,Suburban,Fair,Yes,No,234812
2632,2,4,1940,10185,13.1,Urban,Good,Yes,No,633018
1831,5,2.5,1992,10169,4.6,Urban,Fair,Yes,No,445395
1475,5,1.5,1944,14895,6.6,Urban,Poor,Yes,Yes,202658
870,2,3,2007,9017,0.7,Suburban,Good,Yes,No,290073
1760,6,4,1949,5767,25.2,Rural,Good,Yes,No,391988
1321,3,3.5,1999,10692,19.7,Suburban,Good,Yes,Yes,322608
1682,4,1.5,1945,1457,12.9,Urban,Poor,No,No,251579
1026,4,1,1984,7638,12.4,Suburban,Excellent,Yes,No,269414
3350,4,4.5,1945,9216,8,Urban,Fair,Yes,Yes,742844
1987,3,1.5,1987,2787,2.8,Suburban,Good,No,No,307199
2860,2,1.5,1963,10924,2.7,Suburban,Good,Yes,No,488715
-81,3,2.5,1958,6336,6.6,Suburban,Good,No,Yes,131018
1637,2,3.5,1949,15570,5.6,Suburban,Fair,Yes,No,314721
1460,2,4,1987,8595,5.4,Suburban,Fair,Yes,No,285830
1022,3,3,1984,4545,3.3,Suburban,Excellent,No,No,323800
3237,4,2.5,1989,11196,3.9,Suburban,Good,Yes,No,691881
868,4,1.5,1982,9734,4,Rural,Excellent,Yes,No,175330
2255,4,4,1940,10202,2.7,Urban,Poor,Yes,No,407688
2677,3,4,1982,11077,17.5,Suburban,Fair,No,No,423347
2143,3,2,1920,8030,15.3,Suburban,Good,Yes,No,409141
1300,4,3,1975,8367,3.7,Urban,Good,Yes,No,448291
2753,1,2.5,2007,13240,2.5,Urban,Good,Yes,Yes,712114
2136,3,4,1956,18134,4.3,Suburban,Good,Yes,No,473869
1149,3,4,2016,372,30.4,Rural,Fair,Yes,Yes,189211
890,3,3,1996,9322,9,Urban,Good,Yes,Yes,274210
3669,2,4,2019,14898,25.3,Suburban,Good,No,Yes,574615
1457,2,4,1933,4104,5.8,Urban,Good,Yes,Yes,364033
516,3,2,1959,15834,2.6,Suburban,Excellent,Yes,No,205910
2427,3,3,2009,8104,6.4,Suburban,Excellent,Yes,No,513626
2248,4,2,1997,13539,2.5,Suburban,Fair,Yes,Yes,464613
917,5,4,1993,17369,4.6,Urban,Good,No,No,341668
446,2,3.5,1987,14493,6.3,Rural,Excellent,Yes,No,117521
1907,2,2.5,2002,16072,8.7,Urban,Fair,Yes,No,417984
2912,2,4.5,1921,-1039,22.4,Urban,Good,Yes,No,659617
2509,4,3.5,1974,3633,4.1,Suburban,Excellent,Yes,No,566026
1606,4,2,1928,12907,18,Urban,Poor,Yes,Yes,186611
1333,3,3.5,1920,5446,15.9,Suburban,Excellent,Yes,No,374649
2217,3,2,1968,7241,5.5,Suburban,Good,Yes,No,494261
2126,6,4,1995,16921,2.6,Urban,Poor,No,Yes,523867
2504,2,2,1938,10582,6.7,Urban,Fair,Yes,No,518679
1683,2,2,1960,10227,5.5,Suburban,Good,Yes,No,259480
2719,1,1,1927,8772,6.2,Urban,Good,Yes,No,504400
1335,3,3,1999,2011,21.3,Urban,Good,Yes,Yes,329249
1736,3,1,1935,597,3.7,Suburban,Excellent,No,Yes,455819
2593,4,2,1982,8911,6.9,Suburban,Good,Yes,No,522533
2792,5,2,1967,11774,11.3,Suburban,Excellent,No,No,619611
449,5,4,1942,3405,36.2,Suburban,Poor,Yes,No,40626
2086,3,1.5,2003,961,1.7,Suburban,Good,No,No,432679
2487,3,2,2020,16378,9.8,Rural,Good,No,No,423248
839,4,2.5,1955,12535,3.5,Urban,Good,Yes,No,322887
2385,1,4.5,2012,12410,1.7,Rural,Fair,Yes,Yes,318810
1337,4,2,1966,14585,7.7,Urban,Fair,Yes,No,361986
2816,2,3.5,1986,12774,4.6,Urban,Good,No,No,571302
2431,4,1.5,1925,4722,3,Suburban,Fair,No,Yes,455258
2615,5,2.5,2003,16251,14,Suburban,Good,No,No,562252
2097,2,3,1951,3613,15.6,Suburban,Good,Yes,No,360857
2691,2,4,1930,7607,18,Suburban,Fair,Yes,No,497348
3104,4,2.5,1929,11668,11.5,Urban,Fair,Yes,Yes,630632
3573,3,2.5,1976,11405,1.4,Urban,Good,Yes,Yes,849706
1977,6,2.5,1989,12947,11.2,Suburban,Good,Yes,Yes,568949
201,3,NA,1963,14383,11.3,Urban,Excellent,Yes,Yes,200725
2025,3,1,1938,5952,2.1,Suburban,Good,Yes,Yes,378349
2164,3,3.5,1965,3563,8.3,Urban,Good,No,No,481749
1876,3,3.5,1951,4161,4.6,Suburban,Fair,Yes,No,340547
2455,2,3.5,1997,12872,3.1,Suburban,Excellent,No,Yes,649843
2809,4,2.5,1933,7686,9.9,Suburban,Good,Yes,No,478197
1586,4,2,1978,12065,1.6,Urban,Good,No,No,366454
1765,2,2.5,2002,15915,6.7,Urban,Good,No,No,449501
2318,3,1.5,1944,6641,4.4,Rural,Good,Yes,No,368011
1560,6,2,1934,14623,4.2,Suburban,Poor,Yes,No,376945
2073,6,1,1971,6776,11.7,Suburban,Excellent,Yes,No,508146
431,4,2.5,1967,13084,2.5,Urban,Excellent,Yes,No,204750
1104,6,2,1972,10170,6.9,Suburban,Fair,Yes,Yes,230155
938,4,1.5,1960,5748,3.8,Suburban,Good,Yes,No,290880
1317,3,3.5,1975,14739,9.6,Suburban,Fair,Yes,No,236453
1445,3,2,1975,13613,9.7,Rural,Poor,Yes,No,180394
2306,4,2.5,2008,5657,6,Suburban,Poor,Yes,No,297372
2786,6,3.5,1956,10189,20.2,Urban,Excellent,No,No,820914
1418,3,1.5,1926,22612,11.3,Suburban,Excellent,Yes,No,376350
1203,5,1.5,2004,6241,14.8,Suburban,Fair,Yes,No,242009
1167,2,4.5,1937,9166,6.7,Suburban,Fair,No,No,316300
1668,3,4.5,1945,17014,7,Suburban,Excellent,No,No,363442
1809,5,3.5,1954,4432,18.5,Urban,Good,No,No,425152
2387,1,1,2017,21902,12.9,Suburban,Excellent,No,No,419399
1743,5,4.5,1977,6663,25.2,Urban,Fair,No,No,394461
337,3,3.5,1976,7393,18.5,Urban,Fair,Yes,No,172353
1927,3,4,1942,9807,8.6,Urban,Good,Yes,Yes,536117
2950,3,2,1927,15373,3.9,Urban,Excellent,Yes,Yes,788093
2953,3,2,1930,26178,6.3,Suburban,Excellent,Yes,No,655177
1369,3,3,1993,12417,8.7,Urban,Good,Yes,No,337689
762,3,2,1923,13098,5.6,Suburban,Good,No,Yes,180800
3966,3,3.5,1972,3132,4.3,Urban,Good,Yes,No,873895
1870,4,1.5,1920,10706,6.3,Suburban,Good,Yes,Yes,438396
1922,4,4,1946,-1799,5.9,Suburban,Good,Yes,No,369938
2336,3,3.5,1951,8709,1.3,Suburban,Poor,Yes,No,317877
709,3,4,1940,17307,0.1,Suburban,Good,Yes,Yes,331033
1417,3,4.5,1978,9010,1.2,Urban,Poor,Yes,No,334159
768,3,2,1998,9712,15.1,Suburban,Good,No,Yes,230964
1446,6,1.5,1977,10195,4.2,Rural,Good,No,No,328216
2095,3,1.5,1932,9381,18,Suburban,Excellent,No,Yes,477483
908,1,1.5,2012,10500,21.8,Rural,Good,Yes,No,176517
2472,4,2.5,1950,2444,6.6,Urban,Excellent,No,No,642314
2231,3,4,1924,7596,7.5,Rural,Fair,Yes,No,281999
1277,3,4,1934,8292,5.3,Urban,Fair,Yes,Yes,310571
2181,4,NA,1983,12849,20.3,Urban,Good,No,No,407829
2598,2,3.5,2008,11037,14.9,Suburban,Poor,No,No,257356
2849,2,4.5,1920,6207,25.6,Rural,Excellent,Yes,No,561079
1830,3,2,2012,14245,13.8,Suburban,Excellent,Yes,Yes,431265
1925,6,3.5,1956,16133,8.2,Suburban,Fair,Yes,Yes,333448
1931,4,3,1986,3603,17.9,Suburban,Excellent,No,No,390485
3153,4,1,1932,10920,13.9,Suburban,Poor,No,No,323970
2900,3,2.5,1967,6255,10.4,Urban,Fair,Yes,No,482476
2668,2,3,2015,6959,1.2,Rural,Fair,Yes,No,410618
1770,1,4,1943,12099,5.3,Suburban,Fair,Yes,No,346034
2299,3,3,1924,14209,12.6,Suburban,Excellent,Yes,No,448152
2323,2,4,2000,11901,11.9,Suburban,Fair,Yes,No,499444
1167,5,1,1942,7326,7.6,Urban,Fair,Yes,Yes,270453
617,3,2.5,NA,15649,2.2,Suburban,Good,Yes,No,167348
2513,3,2.5,1935,15159,6,Urban,Good,Yes,No,556375
777,6,4,1951,5053,3.6,Urban,Fair,Yes,No,151597
2001,3,2,2010,11566,6.5,Suburban,Good,Yes,No,418958
2200,2,3,2014,4202,6.9,Suburban,Excellent,No,No,494528
2451,2,1.5,1931,17334,5.8,Urban,Fair,Yes,Yes,495585
2152,3,4,1960,11350,11.2,Suburban,Fair,Yes,No,435761
1414,2,3,1982,15336,9.2,Urban,Good,No,Yes,389035
2789,3,2,1986,11941,13.6,Suburban,Fair,No,No,416449
3391,5,4,1972,9459,11.6,Suburban,Good,Yes,No,655103
2705,4,3,1931,13752,5.3,Suburban,Good,Yes,Yes,489746
445,3,4.5,1928,4483,13.5,Urban,Excellent,Yes,Yes,407181
3120,3,1.5,1972,2837,2.7,Urban,Good,No,No,611626
1955,3,1,1936,6844,3.9,Suburban,Excellent,Yes,No,413319
2420,6,2.5,1978,11318,1.2,Rural,Good,Yes,Yes,531126
2498,6,3.5,1943,7932,6,Urban,Good,No,Yes,661715
1923,3,3,1945,7674,23.5,Suburban,Good,No,No,277061
1940,6,1.5,1920,14604,5.8,Suburban,Fair,Yes,No,394732
2815,3,1.5,1930,7489,12.7,Rural,Excellent,No,No,447404
2569,5,4,2006,14872,7.3,Urban,Good,No,No,620033
2792,3,1.5,2003,6135,18,Suburban,Fair,Yes,No,492122
3906,1,3,1922,8718,3.1,Urban,Fair,Yes,Yes,732124
2532,3,2.5,1990,5868,3.6,Suburban,Excellent,Yes,No,555723
2166,2,4,2005,7869,3.1,Urban,Excellent,Yes,Yes,690405
231,4,3,1957,4192,5,Suburban,Good,Yes,No,67401
4153,3,1,1924,NA,3.8,Urban,Excellent,Yes,No,1046161
1614,3,3,1939,15912,4.6,Urban,Good,Yes,No,341231
3900,4,3.5,1937,11417,9.8,Urban,Good,Yes,No,832329
2300,3,2.5,1949,18561,8.6,Suburban,Fair,Yes,Yes,530558
3231,5,3,1949,1799,4.6,Suburban,Good,Yes,Yes,692597
1912,2,2.5,1976,NA,24.9,Urban,Good,Yes,No,392529
2409,1,4,1942,12623,5.9,Suburban,Fair,Yes,No,370357
2171,3,2,2014,13167,6.5,Suburban,Excellent,Yes,No,558798
1851,3,2.5,1969,NA,15.7,Urban,Fair,Yes,Yes,360966
1904,2,4,1961,18728,7.2,Rural,Good,Yes,No,306673
2810,4,4,1964,18377,2.7,Suburban,Good,Yes,Yes,561922
1839,3,3,1980,2703,15.5,Urban,Fair,Yes,No,356049
370,4,2,1957,7913,8,Suburban,Fair,Yes,No,161410
1843,3,3,1928,2830,9.5,Urban,Poor,Yes,Yes,300026
2432,2,2,1976,4846,15.4,Suburban,Fair,No,No,452360
2493,6,1.5,1957,11241,2.9,Urban,Excellent,Yes,No,736422
2493,3,3,1990,11757,1.5,Suburban,Poor,Yes,Yes,375700
646,1,1,1949,6098,1.4,Urban,Fair,Yes,No,85943
2295,4,1.5,1983,11508,17.9,Suburban,Good,Yes,Yes,470634
2774,5,1.5,1927,6361,2,Urban,Good,Yes,No,636346
3021,3,2,1966,11247,8.6,Rural,Excellent,Yes,No,583965
1820,1,2,1940,10566,4.3,Suburban,Good,Yes,No,299445
1742,4,4,1985,8580,12.6,Suburban,Good,Yes,No,470699
3190,3,2,1948,5200,28.2,Urban,Excellent,Yes,No,785541
666,5,4.5,1943,7673,3.6,Suburban,Good,Yes,No,196020
1651,1,2.5,2011,12456,9,Urban,Good,No,No,369679
2366,6,4,2010,7529,5.7,Suburban,Poor,Yes,No,375198
706,3,2,1949,NA,8.4,Urban,Good,Yes,No,225244
2224,3,2,2008,4651,4.3,Rural,Good,Yes,No,289921
3502,5,1.5,1929,7829,5.5,Urban,Poor,No,No,571419
1997,5,3,1956,9876,7.9,Urban,Good,No,No,442910
1777,3,1.5,1993,6354,5.4,Urban,Good,No,No,374887
2380,3,3,1968,8086,16.3,Suburban,Good,Yes,No,480360
1777,4,1.5,1942,4497,9.3,Suburban,Good,Yes,Yes,357809
2651,3,1.5,1947,13746,15.4,Suburban,Fair,Yes,No,420493
2724,3,2,2011,21049,29.5,Suburban,Excellent,Yes,Yes,563219
2002,6,3,1956,7874,4.8,Suburban,Fair,No,No,347263
1059,3,3.5,2005,12333,3.3,Suburban,Good,No,No,293146
945,5,1.5,2006,17910,4.5,Suburban,Good,Yes,No,298918
1526,3,2.5,1984,8078,21.9,Urban,Good,Yes,No,290143
2638,2,1.5,1923,8054,0.7,Urban,Good,No,Yes,556755
433,3,1.5,1969,13236,14.6,Suburban,Fair,Yes,No,70814
491,4,3.5,1968,5238,4.9,Suburban,Excellent,Yes,No,137231
1477,2,2.5,1991,9134,2.6,Urban,Excellent,No,No,418352
2316,3,2,1955,7234,7.4,Suburban,Good,No,No,440234
1269,2,4,1940,5161,2.4,Urban,Fair,Yes,No,319139
2709,2,2.5,2010,12103,3.3,Suburban,Fair,Yes,No,456006
2267,6,1.5,1965,9306,7.6,Urban,Excellent,No,No,665569
1863,2,1.5,1999,20848,5.2,Suburban,Fair,No,No,453243
2655,6,4.5,2014,-4215,4,Suburban,Fair,Yes,No,408227
2311,3,3,1941,13226,8.6,Urban,Excellent,Yes,No,563918
1643,5,3,2008,5893,3.1,Urban,Fair,Yes,Yes,453930
2185,4,3.5,2020,8569,18.9,Suburban,Excellent,Yes,No,603876
2518,3,4,1935,4556,10.4,Suburban,Excellent,No,Yes,536212
2285,6,3.5,2008,12892,2.2,Suburban,Fair,No,No,445938
1474,2,4,1962,16777,2.3,Suburban,Fair,Yes,No,372304
2684,3,1.5,1998,12446,9.5,Suburban,Excellent,Yes,Yes,677502
2922,2,2,2003,5441,3.3,Suburban,Fair,Yes,No,497812
2221,2,4,1951,18072,11,Rural,Fair,Yes,No,332305
2115,5,2,1933,9181,7.1,Suburban,Good,No,Yes,474570
1939,6,4.5,1928,10894,31.8,Suburban,Good,Yes,No,391383
3729,2,2,1974,9754,26.9,Suburban,Good,Yes,No,710146
2221,3,3.5,1955,8921,14.9,Urban,Good,Yes,No,490058
1873,3,3,2011,10405,6.8,Urban,Poor,Yes,No,294960
-6,3,3,2018,4847,9.5,Urban,Good,Yes,No,140908
748,4,2.5,2016,15766,5.9,Suburban,Fair,No,No,203656
1938,4,3,1939,13232,6.1,Urban,Good,Yes,No,554791
2165,3,2.5,1957,10394,7.5,Suburban,Good,No,No,307370
2221,3,3,1972,14727,9.3,Suburban,Excellent,Yes,Yes,562791
2657,2,2,1944,3889,30.1,Suburban,Good,Yes,No,416769
1845,3,3.5,1931,15426,5.7,Urban,Excellent,Yes,No,544927
2972,3,3.5,2020,11060,6.4,Urban,Good,Yes,No,747869
1263,6,3,2000,12516,7.7,Urban,Fair,No,No,260811
1033,3,2,1965,7721,10.2,Suburban,Poor,No,No,154611
1017,1,3.5,2018,6089,7.8,Rural,Fair,Yes,No,232692
2594,4,4,2010,7269,8.9,Urban,Fair,Yes,No,606693
1934,3,2.5,1975,15181,17.7,Suburban,Fair,Yes,No,245399
2632,2,2.5,1948,15454,11.6,Urban,Fair,Yes,No,494068
1786,5,4,1974,17774,2.4,Suburban,Good,No,No,365775
1526,4,2.5,1955,9690,8.7,Suburban,Fair,Yes,No,252649
1705,2,2.5,1981,6220,2.8,Urban,Fair,Yes,No,332744
518,2,3,1925,17362,10.1,Suburban,Fair,Yes,No,170702
1064,2,1,1987,2240,7.5,Suburban,Good,Yes,No,159019
846,3,2.5,1962,9206,1.8,Suburban,Good,Yes,No,264604
2843,5,2.5,1934,13016,13,Urban,Good,No,Yes,664999
1522,3,3,1952,4189,0.9,Suburban,Good,Yes,No,282666
2632,2,3.5,1920,2200,0.3,Suburban,Excellent,Yes,No,635942
3213,2,3.5,2014,12446,5.7,Suburban,Good,Yes,No,676531
1847,3,4,1985,18105,8,Urban,Good,Yes,No,500515
2227,1,3.5,2017,6426,14.4,Rural,Good,Yes,No,395039
599,3,3,1970,6567,10,Urban,Excellent,No,No,241574
1345,3,2,1933,5292,12.6,Suburban,Fair,Yes,No,249053
2045,4,1,1966,17424,12.1,Urban,Fair,No,No,291105
2239,2,NA,1931,6460,6.5,Urban,Fair,Yes,No,488295
1392,3,3,1984,5813,16.9,Urban,Fair,Yes,No,230911
4148,3,3,1966,5980,8.3,Suburban,Good,Yes,No,693326
1633,5,1.5,1978,7060,21.5,Suburban,Fair,Yes,No,309701
2051,3,2,NA,7011,4.1,Suburban,Good,Yes,No,432202
2520,3,1.5,1968,13032,6.4,Suburban,Good,Yes,No,493432
1979,4,2,1936,11509,0.7,Suburban,Excellent,No,No,562512
1485,2,1.5,1963,12374,1.2,Urban,Poor,No,Yes,309809
2836,2,2.5,1985,6849,3.7,Suburban,Fair,Yes,No,455095
3292,2,1.5,1926,13623,9.5,Urban,Good,Yes,No,633532
1976,6,1.5,1946,-5216,4.2,Suburban,Excellent,No,No,551832
2450,6,4,2012,15639,5.8,Suburban,Poor,Yes,Yes,388915
1922,3,1.5,1934,10999,10.8,Urban,Good,Yes,No,428855
2813,2,1.5,1986,7974,16.2,Urban,Fair,Yes,No,584224
1075,3,2,1998,12378,15.4,Rural,Poor,No,No,102481
3857,2,2,1932,3884,4,Suburban,Fair,No,No,585984
1517,3,3.5,1924,6836,2.8,Urban,Good,Yes,No,368262
833,4,3,1981,10546,8.5,Suburban,Excellent,Yes,No,313459
1719,3,1.5,1959,2187,10.9,Suburban,Poor,Yes,Yes,205985
2117,3,4,1934,NA,3.8,Urban,Excellent,No,Yes,548871
3299,4,4,1980,9818,1.1,Suburban,Fair,Yes,No,548605
2729,2,2,1933,8605,14.2,Urban,Good,No,No,548102
2114,2,3.5,1921,3534,6.7,Urban,Good,No,Yes,463365
888,5,1.5,1955,15834,19.9,Urban,Fair,Yes,No,226887
1307,4,4,1985,2573,9.2,Suburban,Fair,Yes,No,302787
1869,4,2,2016,2614,8.6,Suburban,Fair,No,No,249793
4042,4,3.5,1973,7087,9,Suburban,Excellent,No,No,883689
512,3,1.5,1958,17747,17.2,Rural,Good,Yes,No,146137
2905,5,4,1942,10534,0.5,Urban,Poor,Yes,No,526018
1578,4,4,2007,11298,18.8,Suburban,Good,No,No,338655
3333,5,4,1932,8920,5.6,Urban,Fair,No,No,605641
1089,3,1,1934,11354,7.3,Urban,Good,Yes,No,273898
2115,5,1,1953,13166,18.4,Suburban,Good,Yes,Yes,492940
1120,3,2,1934,13537,6.5,Urban,Excellent,Yes,No,417974
2723,3,2,1971,16853,5.6,Urban,Good,No,No,575130
3187,5,1.5,1939,6110,11.7,Urban,Good,No,No,723760
3561,3,3.5,1939,9209,18.9,Urban,Fair,No,No,716838
2638,3,1,1941,12068,10.7,Urban,Good,Yes,No,631973
3475,4,4,1978,14125,14.9,Urban,Excellent,Yes,Yes,1029784
2997,3,3,2015,8335,12.3,Suburban,Good,Yes,No,499372
1895,5,3.5,1943,13254,4.8,Urban,Good,No,No,526343
2382,6,4.5,1996,7258,15.7,Suburban,Good,Yes,No,413552
1222,3,3,1929,8293,3,Urban,Poor,Yes,No,294431
1852,3,4.5,1986,15061,16,Suburban,Excellent,No,No,522263
2977,4,2,1983,586,9.3,Suburban,Fair,Yes,Yes,541072
2433,5,2,1989,11108,0.4,Urban,Excellent,Yes,No,622348
2366,3,4.5,1950,14630,3.6,Urban,Good,Yes,Yes,684043
1169,2,2,1977,8276,12.8,Urban,Good,Yes,No,324547
1516,3,4,1979,13124,1.4,Suburban,Poor,No,No,308620
1388,4,2,1940,6468,6.8,Suburban,Good,Yes,No,293723
2316,3,3.5,2017,10856,7,Urban,Good,No,Yes,576769
1208,4,3.5,1956,10049,8,Urban,Fair,Yes,No,384374
2450,3,2,1975,9857,8.3,Urban,Poor,Yes,Yes,439595
1107,3,1,1982,3621,8,Suburban,Poor,Yes,Yes,124943
3463,3,2.5,1941,9187,16.2,Suburban,Excellent,No,No,758685
2368,3,3,1965,5930,5.1,Urban,Poor,Yes,No,414290
1439,2,2.5,1937,8202,3.7,Suburban,Good,No,Yes,349627
2193,3,2,1924,15121,11.5,Suburban,Good,No,No,426049
1718,3,3,1978,7167,2.6,Suburban,Fair,Yes,Yes,388836
2297,1,2,1975,9836,5.5,Urban,Good,Yes,No,542325
2195,3,2,2020,10515,14.4,Suburban,Excellent,Yes,Yes,520370
1189,2,1,1936,9053,4.3,Suburban,Poor,Yes,No,237824
1367,3,3,2012,14030,26.7,Urban,Fair,No,Yes,256358
2240,4,2.5,1992,9788,9.4,Rural,Poor,Yes,No,285257
3311,2,4.5,1953,10774,4.1,Suburban,Good,Yes,Yes,574997
2868,3,1,NA,5549,12.2,Suburban,Good,Yes,No,508108
1500,3,3,2015,8089,8.4,Urban,Fair,Yes,No,350346
2661,2,2.5,1946,6765,4.7,Suburban,Good,No,No,461367
1961,5,1,1948,12371,13.3,Suburban,Good,Yes,Yes,329730
2241,6,1.5,1927,15758,6.1,Suburban,Excellent,Yes,Yes,489617
2208,4,3,1986,7697,13.8,Suburban,Fair,No,No,377693
4060,3,3,1923,-1076,19.1,Suburban,Fair,No,No,539191
1052,4,4,2000,5772,1,Suburban,Fair,Yes,No,263075
2081,2,3.5,1985,5329,4.8,Suburban,Good,Yes,No,377183
576,3,3,1993,15904,5.8,Suburban,Good,Yes,No,237309
2472,4,2,2001,10715,2.3,Suburban,Fair,Yes,No,487866
2877,4,2.5,1943,17824,7.7,Suburban,Fair,Yes,Yes,500972
3157,3,1.5,1924,12005,12.5,Suburban,Poor,Yes,No,441785
460,3,2.5,1988,2262,17.7,Suburban,Fair,Yes,No,214340
2330,1,2,2012,12475,15,Suburban,Fair,Yes,No,412009
3275,1,4.5,1936,6261,11.1,Urban,Good,Yes,No,745485
1669,3,2,1941,10003,25.9,Suburban,Excellent,Yes,No,324093
1830,2,3.5,1984,9492,9,Suburban,Excellent,Yes,No,412501
1971,1,1,NA,9280,7.2,Urban,Good,Yes,No,406679
2292,3,2.5,1931,8343,11.6,Urban,Fair,No,No,486127
2532,3,2,1965,19606,22.7,Suburban,Fair,No,No,348411
3054,2,4,2011,17549,8.2,Rural,Fair,Yes,No,399700
1924,6,2.5,1970,5554,7.6,Urban,Excellent,Yes,No,572885
2157,2,2,1934,10993,4.2,Urban,Fair,Yes,No,406285
3990,3,2.5,1938,15757,7.8,Rural,Fair,Yes,No,531658
2345,5,1.5,1944,15513,11.9,Suburban,Poor,Yes,Yes,280170
2151,5,3,1940,5523,0.9,Urban,Fair,Yes,No,421989
926,5,3.5,NA,17049,10,Urban,Poor,Yes,No,294047
2002,5,4,1998,6477,5,Suburban,Fair,No,No,426250
1823,3,3,2012,10633,3.8,Suburban,Excellent,No,No,472841
1991,3,3,1969,10844,8.7,Urban,Good,No,No,382007
1540,5,3.5,1969,400,7.1,Rural,Fair,Yes,No,126555
1451,3,4.5,NA,9333,14.7,Suburban,Good,No,No,357498
1423,3,NA,1927,-502,13.6,Suburban,Fair,Yes,No,320307
1828,2,2,1968,168,17.9,Rural,Good,Yes,No,295608
3095,4,2,1982,11603,3,Urban,Fair,Yes,No,673752
2839,5,4,1966,11706,14.2,Rural,Good,Yes,Yes,537240
1712,3,2.5,1968,14872,16.6,Suburban,Fair,Yes,No,307409
651,3,3.5,1962,11898,5.2,Suburban,Excellent,Yes,No,164167
1324,2,4,2020,6631,4,Suburban,Excellent,Yes,No,373386
1634,2,1.5,2017,5996,8.3,Suburban,Good,Yes,No,396800
2083,2,4,2016,14023,22,Urban,Fair,Yes,No,403351
1470,6,3.5,2019,17255,13.8,Rural,Fair,Yes,No,212322
3605,1,1,1933,13994,12,Suburban,Good,No,No,498996
1782,3,1.5,2000,11085,10.6,Suburban,Poor,No,No,248509
1029,3,2.5,1971,9655,6.3,Suburban,Good,No,No,265533
1887,5,4,1982,18142,2.7,Rural,Good,Yes,No,411389
1196,1,2,1949,-2458,8.4,Urban,Fair,Yes,No,274400
2125,4,NA,2017,14965,4.7,Rural,Good,Yes,Yes,433777
2187,3,4,1944,9162,13.7,Suburban,Poor,Yes,No,375513
2284,3,2.5,2007,4364,0.9,Urban,Fair,Yes,No,472604
703,3,3,NA,14183,12.8,Suburban,Good,Yes,No,152600
2177,3,2,2007,5099,3.6,Suburban,Fair,Yes,No,430459
2248,3,1.5,2007,11720,12.7,Suburban,Fair,Yes,No,469967
863,4,1.5,2003,10928,5.6,Rural,Fair,No,No,153906
2764,3,3,1959,10706,15.9,Urban,Good,Yes,Yes,690316
2627,2,4.5,1924,740,6.9,Suburban,Good,No,No,553489
3840,4,2.5,1946,10812,10,Suburban,Good,Yes,No,687587
2125,6,4,2008,7534,23.7,Urban,Good,Yes,No,538332
2037,4,1.5,1974,6481,11.6,Suburban,Fair,No,Yes,386272
2077,3,3.5,1941,4082,21.9,Suburban,Excellent,Yes,No,508849
2056,3,2,1978,4307,6.6,Suburban,Good,Yes,No,382767
521,3,3,1932,5772,13.3,Urban,Good,Yes,No,114858
663,3,1,2013,16235,17.7,Urban,Good,Yes,No,203914
1938,5,3.5,2002,13476,27,Suburban,Excellent,No,No,378379
1535,3,4,1966,11374,7.8,Suburban,Fair,Yes,Yes,317459
2044,3,3.5,1951,18582,13.1,Suburban,Fair,Yes,Yes,451488
311,5,1.5,1958,18060,5.4,Urban,Good,Yes,No,139353
801,2,4.5,1996,14515,5.9,Suburban,Good,Yes,No,246776
1119,5,1.5,1964,4083,23.2,Suburban,Fair,Yes,No,160218
2789,1,4,1977,17165,16.9,Urban,Good,Yes,No,629781
1121,4,3.5,1933,8989,28.1,Rural,Poor,No,No,162582
1360,2,2.5,1982,8787,9.7,Suburban,Good,Yes,No,340342
2064,1,3.5,2018,11188,4.5,Urban,Poor,No,Yes,387113
1742,6,2.5,1938,10315,12.6,Suburban,Excellent,No,No,429657
2117,2,3,2013,7531,19.7,Urban,Excellent,Yes,No,518945
3844,3,2,1951,13424,34.8,Suburban,Fair,No,No,547209
1100,4,3.5,1935,7590,6.8,Urban,Fair,Yes,No,332899
1756,5,2.5,1970,7176,2.9,Suburban,Good,Yes,Yes,508453
1587,3,4,1976,8729,7.9,Suburban,Excellent,Yes,No,444360
3210,2,2.5,1985,6202,7.2,Urban,Fair,Yes,No,604367
1384,1,2.5,1921,10768,9.2,Urban,Good,Yes,No,263336
1934,3,4,1952,9514,5.7,Urban,Excellent,Yes,No,577948
2630,2,3.5,1985,8520,4.7,Suburban,Good,No,No,582709
1153,3,1,1943,12319,4.8,Suburban,Fair,Yes,No,146198
3324,3,3.5,1926,876,15.9,Suburban,Good,No,No,543636
2541,2,2,1973,11262,21.9,Suburban,Fair,Yes,No,414529
1141,3,4.5,2017,14506,4.5,Urban,Good,Yes,No,210523
2364,4,2.5,1927,14402,6,Suburban,Good,Yes,Yes,572625
1829,1,3.5,1989,21159,5.2,Urban,Fair,Yes,No,394617
2251,4,1.5,2003,6801,12,Urban,Fair,Yes,Yes,476678
1928,3,1.5,1961,5099,25.7,Suburban,Good,No,No,343554
2856,4,4.5,1922,11630,12.3,Suburban,Good,No,No,695286
919,4,3,1993,1574,10.1,Rural,Excellent,Yes,Yes,209545
1582,3,2.5,1947,16053,11,Suburban,Fair,No,No,246792
1801,2,3,1928,4764,10,Suburban,Good,No,No,366791
1203,3,1.5,1966,12193,62.6,Suburban,Poor,Yes,No,15970
1168,5,2.5,1980,8311,5.1,Suburban,Good,Yes,Yes,319494
1986,2,1.5,1972,-1897,22.5,Suburban,Fair,No,No,297606
1894,5,2,1946,11297,7.1,Suburban,Excellent,Yes,No,491238
-39,3,4,1947,4485,5.8,Suburban,Excellent,No,No,91260
2832,3,3.5,1968,14612,7.3,Suburban,Fair,Yes,No,539323
2200,5,4.5,2001,-2257,18.7,Rural,Good,Yes,Yes,383131
3933,3,1.5,2004,9345,10.1,Rural,Fair,Yes,No,530082
2548,2,2.5,1943,4733,6.8,Rural,Poor,Yes,No,321503
1642,1,2.5,1952,15636,11.2,Urban,Good,Yes,No,402360
4238,3,NA,2018,6361,8.6,Suburban,Excellent,Yes,No,949379
4266,1,2.5,1935,14677,9.3,Suburban,Fair,Yes,No,680432
1025,3,1.5,1961,7659,2.7,Suburban,Fair,No,No,317111
2375,3,3.5,1955,10649,1.4,Urban,Fair,Yes,No,512654
1831,3,4,2004,17312,3.2,Suburban,Good,No,No,389392
2150,6,2,1991,6589,4.8,Rural,Fair,Yes,Yes,370738
2182,1,NA,1950,19093,6.5,Suburban,Good,Yes,No,481940
990,4,4.5,1968,14931,5.5,Urban,Excellent,No,No,384687
2228,3,1,1999,16423,15.2,Rural,Good,No,No,321068
3399,2,3,2005,-1232,7.9,Urban,Poor,Yes,No,481672
1869,3,2,1980,9157,5.8,Urban,Excellent,No,Yes,621757
1870,4,2.5,1955,2667,4.6,Suburban,Good,Yes,Yes,401270
3119,4,2.5,1930,13796,19.2,Suburban,Fair,Yes,Yes,554704
2719,2,4,1993,16114,10.1,Suburban,Fair,No,No,527849
681,4,1.5,2011,6912,12,Suburban,Excellent,Yes,No,125883
2183,4,4,2019,7441,1.9,Suburban,Good,Yes,Yes,581280
3323,4,2.5,1975,1892,31.4,Suburban,Good,No,No,588020
3132,4,3,1963,13955,5.3,Urban,Good,Yes,No,715462
2336,3,1.5,1923,17308,3,Suburban,Good,Yes,Yes,510965
2577,4,4,1961,1500,0.9,Urban,Excellent,Yes,No,742131
1042,5,3,1998,937,6.4,Suburban,Good,Yes,Yes,303534
2240,2,3,1963,15721,5.8,Urban,Fair,Yes,No,434378
1236,3,3,1978,16743,3.6,Suburban,Good,No,No,306721
1634,4,4.5,1985,11858,3.3,Urban,Good,No,No,439236
2748,2,4,1979,11211,13.5,Suburban,Excellent,Yes,Yes,656812
1090,6,4.5,1938,6894,4.6,Suburban,Fair,No,No,344066
2214,3,3.5,1983,11695,16.9,Suburban,Fair,Yes,No,467527
2343,4,NA,1936,7739,4.8,Urban,Good,No,Yes,536308
2044,4,4.5,1965,20216,1.9,Urban,Excellent,Yes,No,713078
3458,4,3.5,1992,7753,10.9,Suburban,Poor,Yes,Yes,509664
1182,2,2,1927,-5687,13.6,Suburban,Excellent,Yes,No,304398
2485,2,2,1972,12500,38.3,Urban,Fair,Yes,No,455226
1929,5,1,1962,3714,10.8,Suburban,Good,Yes,No,348006
1791,2,2.5,2020,14114,14.6,Suburban,Poor,Yes,Yes,264682
2371,1,3,1975,2270,16.2,Suburban,Poor,No,No,255543
1184,3,1,1923,8706,12.5,Suburban,Good,Yes,No,212253
949,2,3.5,NA,11952,6.3,Urban,Poor,Yes,No,173129
1604,3,1.5,1996,9014,6.4,Urban,Good,Yes,No,378578
3401,3,2,1986,265,14.4,Suburban,Fair,No,No,572353
2045,5,2.5,1955,2862,4.3,Suburban,Good,Yes,No,375363
2265,3,4,1988,5748,6.2,Suburban,Fair,Yes,No,448840
1848,2,3,1976,18122,9.9,Urban,Good,Yes,No,454997
2376,3,4,2000,9367,8.7,Urban,Excellent,Yes,No,744267
1239,3,2.5,1953,16378,5.1,Urban,Fair,Yes,No,225481
2926,2,3.5,1936,10897,7.3,Suburban,Excellent,Yes,No,698394
2468,4,1.5,1929,7529,6.9,Urban,Good,Yes,No,573002
1355,1,3,1923,15638,13.9,Urban,Poor,Yes,No,196843
2044,3,4,1977,4265,1.8,Urban,Excellent,Yes,No,638678
2573,3,2,1978,17405,8.6,Suburban,Excellent,No,No,552668
2446,2,2,1951,14581,10.1,Suburban,Fair,Yes,Yes,515806
3186,3,2.5,1988,11676,3.1,Suburban,Fair,Yes,Yes,590845
1510,3,4,1997,12873,9.1,Urban,Good,Yes,No,405664
2893,3,3.5,2018,NA,13,Urban,Fair,Yes,No,594050
2829,3,2.5,1929,7765,3.4,Suburban,Good,No,No,497167
1870,4,4,2005,8282,7.2,Urban,Good,No,No,492306
1219,4,2,2009,6981,2.2,Rural,Excellent,Yes,No,238247
1129,4,2.5,1924,16193,17.3,Urban,Good,Yes,Yes,334983
2366,3,1.5,1920,12997,12.4,Urban,Good,No,No,399009
1943,3,2,1969,9456,26.9,Urban,Good,Yes,No,390884
3423,2,3.5,1966,4306,17.3,Urban,Fair,Yes,No,713628
2428,2,4.5,1937,11599,12.9,Suburban,Good,Yes,No,461382
1702,4,4,1993,4967,11.5,Suburban,Good,Yes,No,414834
1180,2,3.5,1998,5742,11.1,Suburban,Good,No,Yes,381093
1534,3,3,2000,20194,13.7,Suburban,Fair,No,No,333875
2274,5,1.5,2003,3020,12.9,Rural,Excellent,Yes,No,466303
1639,1,4.5,2009,5585,16.7,Suburban,Fair,No,No,327328
2411,5,4,2006,7096,6.7,Suburban,Excellent,Yes,No,558730
1733,5,4.5,1926,7021,6.3,Rural,Excellent,Yes,Yes,384464
1916,3,3,1933,4372,1.6,Suburban,Fair,Yes,No,465538
1416,4,3.5,1940,9061,5.5,Suburban,Fair,No,Yes,285539
3524,2,4,1962,4810,7.7,Rural,Fair,No,No,534522
2266,3,3,1963,16712,3.2,Rural,Good,Yes,No,407455
2185,4,3,1996,10618,4.9,Rural,Good,Yes,No,313535
647,5,3.5,2014,14291,3.9,Urban,Fair,No,No,268161
2528,3,2.5,1952,2973,10.4,Suburban,Fair,Yes,Yes,429534
1181,5,2,1995,9928,8.2,Urban,Fair,Yes,No,279341
1287,3,3,1984,12728,10.1,Suburban,Good,Yes,Yes,291465
2735,4,3,1977,10491,6.1,Suburban,Good,Yes,No,599131
1638,4,3.5,1966,10088,9.2,Suburban,Good,Yes,No,405474
601,4,4.5,1980,4829,25.8,Suburban,Excellent,Yes,No,235745
3416,3,2,2006,6856,7.2,Urban,Good,No,No,762705
98,3,2,1930,7975,10.1,Suburban,Fair,Yes,No,-30082
2458,2,2,2004,5988,16.3,Suburban,Good,Yes,Yes,467672
2814,3,2.5,2010,13819,22,Rural,Good,Yes,No,390482
1495,2,2.5,2020,18798,1.6,Urban,Good,No,No,335554
2355,2,2.5,1922,16576,18.4,Suburban,Fair,Yes,No,341883
2351,3,3,1953,12114,20,Suburban,Excellent,Yes,No,510515
2832,1,2.5,1931,9408,2.7,Urban,Good,Yes,Yes,612272
2387,3,2.5,1939,12880,16.6,Suburban,Poor,No,No,248075
1804,2,2,1978,6057,1.8,Urban,Good,Yes,No,354657
2733,2,3,1981,11325,6.3,Suburban,Fair,Yes,No,567698
2640,3,1.5,1957,10832,3.1,Suburban,Fair,Yes,No,475054
1251,3,1.5,1990,-1725,4,Suburban,Fair,Yes,No,245554
879,1,1.5,1955,19483,4,Suburban,Good,Yes,No,261036
2128,4,1.5,1992,3342,20.4,Urban,Poor,No,Yes,280546
1781,3,3.5,1981,-3129,6.1,Suburban,Fair,Yes,No,344712
1212,6,4.5,1927,9998,12,Suburban,Excellent,No,No,420122
2067,4,4,1933,10537,8.1,Suburban,Good,Yes,No,423199
944,2,3.5,1976,9960,3.5,Suburban,Fair,Yes,No,155581
2129,5,3.5,1981,10703,6.2,Urban,Good,No,No,504635
1500,4,2,1946,4075,13.9,Urban,Excellent,Yes,No,394281
2766,3,3.5,1974,12962,10.6,Suburban,Good,No,No,548337
3940,2,2.5,1951,16903,17.8,Suburban,Good,Yes,No,736357
1267,2,1.5,1943,5806,3.2,Suburban,Fair,Yes,No,234591
2846,4,NA,1941,11529,3.2,Urban,Fair,Yes,No,596227
2660,3,4,1957,8645,23.3,Suburban,Good,Yes,No,387479
1944,2,2.5,2004,9696,13.7,Suburban,Fair,Yes,No,324131
1637,2,3.5,2002,14879,20.9,Rural,Fair,Yes,No,274042
3260,2,3,1942,11389,7.9,Rural,Excellent,No,No,530547
396,5,4,1934,19659,3.2,Urban,Good,Yes,Yes,277936
1485,5,2.5,1928,8339,14.6,Suburban,Good,Yes,No,330730
851,5,2.5,1970,17410,25.5,Suburban,Poor,No,Yes,87804
3116,3,2,2014,7722,9.9,Suburban,Good,Yes,Yes,679678
1847,3,1.5,1998,8843,7.3,Urban,Fair,No,No,397286
1580,6,3.5,2020,8364,18.7,Urban,Excellent,No,No,534663
4547,6,4,1989,11440,0.8,Suburban,Good,No,No,858591
1960,4,3,2011,12333,8.4,Urban,Fair,Yes,No,521849
1645,4,1.5,1998,10726,13.8,Suburban,Good,Yes,No,300386
2240,2,4,1923,12997,13.6,Suburban,Good,Yes,Yes,477504
745,3,2.5,1960,6090,6.7,Suburban,Good,No,No,113988
2392,3,1.5,1958,8806,6.5,Suburban,Good,Yes,No,412840
1923,2,4,2010,13261,12,Suburban,Good,No,No,378242
2375,2,2.5,1993,15190,4.1,Urban,Good,Yes,No,589160
1214,6,2.5,1931,11692,5.4,Suburban,Good,Yes,No,283865
1182,4,2.5,1989,13547,3.5,Rural,Fair,Yes,No,183743
1445,3,2,1930,14200,7.9,Suburban,Fair,Yes,Yes,294648
1386,3,1.5,1928,13047,8,Rural,Excellent,No,Yes,198342
3039,3,4,1947,8881,4.1,Urban,Good,Yes,No,660516
3263,3,4,1938,9178,5,Rural,Good,No,No,430350
1874,5,1.5,1983,NA,6.4,Urban,Good,Yes,No,522034
1713,4,2.5,1938,7723,1.7,Urban,Excellent,Yes,No,526117
1737,4,NA,1921,9340,15.9,Suburban,Fair,Yes,Yes,332431
2055,3,1.5,2005,9541,55.9,Urban,Fair,No,Yes,318054
2078,3,3.5,2018,2066,4,Urban,Fair,No,Yes,412381
2232,3,2,1976,11671,0.9,Suburban,Fair,Yes,No,365889
1403,4,3,1966,12850,8.4,Suburban,Excellent,Yes,No,424910
1322,3,1.5,1974,9694,6.3,Urban,Fair,Yes,No,304821
2958,3,2.5,2011,18970,1.3,Suburban,Fair,Yes,No,569244
1561,2,4,2016,9121,2.9,Suburban,Good,Yes,No,376564
2242,3,1,1961,12894,5.8,Suburban,Excellent,Yes,No,502572
1954,3,4.5,1975,12663,7.1,Suburban,Good,Yes,Yes,437127
1234,3,4,1974,13923,1.6,Rural,Fair,Yes,No,327387
2473,5,2,1930,12089,37.6,Urban,Good,Yes,No,487736
2138,5,3.5,1986,9044,7.1,Rural,Fair,Yes,No,331950
3120,3,2.5,1966,12817,10.8,Suburban,Good,Yes,No,599119
2094,2,1,1954,11268,6.5,Suburban,Fair,Yes,No,356975
1735,3,3,1941,11218,10.5,Urban,Fair,Yes,Yes,339711
2223,4,2.5,1998,13598,6.8,Suburban,Fair,Yes,Yes,427329
1052,3,4.5,NA,13864,6.3,Suburban,Good,Yes,No,313883
1331,6,2.5,1968,9957,16.8,Urban,Excellent,Yes,No,371643
2408,3,1,1945,8055,7.5,Suburban,Fair,No,No,442819
1734,3,1,2018,16641,7,Suburban,Good,Yes,No,292403
1947,3,2,1983,10265,5.6,Suburban,Poor,Yes,Yes,199967
1908,3,1.5,1962,8119,11.2,Suburban,Poor,Yes,No,186837
1480,2,1.5,2008,5269,16.3,Suburban,Excellent,Yes,No,387746
385,3,2.5,1990,11350,3.3,Suburban,Fair,Yes,No,185048
2279,2,2.5,NA,11936,12.4,Suburban,Excellent,Yes,No,624490
2609,2,2,1993,4310,4.2,Suburban,Good,Yes,No,485823
969,3,2.5,2008,3258,8.4,Urban,Fair,No,No,206911
3186,1,3,1937,10921,11.9,Suburban,Fair,No,No,551404
2308,3,2,1938,5906,32.9,Suburban,Good,Yes,No,433695
3073,5,1,1946,16743,4,Suburban,Good,Yes,No,499007
1234,3,4.5,1991,4464,5,Suburban,Good,Yes,No,306905
2133,3,1.5,1995,2255,3.7,Urban,Fair,No,Yes,448254
1920,2,3,2009,9651,7.4,Suburban,Excellent,No,No,364653
2615,4,4.5,1990,12340,9.8,Suburban,Poor,Yes,Yes,389493
1539,3,4.5,1948,10784,3.8,Suburban,Excellent,Yes,No,394624
1992,3,3,1941,9396,2.4,Suburban,Poor,Yes,No,304663
577,3,4,1973,11894,11.6,Suburban,Excellent,Yes,No,264688
1378,3,1.5,1943,6158,2.9,Suburban,Good,Yes,No,253482
2100,5,1.5,1990,11135,23.6,Urban,Good,No,Yes,489719
1435,4,1.5,1964,5832,8.3,Suburban,Fair,Yes,No,255933
1965,2,2,2006,NA,3.8,Suburban,Good,No,No,358744
1626,5,2,1982,10534,1.7,Rural,Excellent,No,No,430956
2486,3,3,2004,12057,17.7,Urban,Good,Yes,No,538332
2935,3,1.5,1992,5654,7,Suburban,Fair,No,No,483665
1342,3,2,1999,2245,1.2,Suburban,Fair,Yes,No,247601
1754,3,1.5,1946,4868,18.8,Suburban,Good,Yes,No,334122
3152,3,3,1995,-1,42.5,Suburban,Good,No,No,626636
241,4,4,1930,10645,35.2,Urban,Good,Yes,No,56401
1744,3,3.5,1984,12924,4,Urban,Good,Yes,No,408472
3652,4,3,1948,19010,13.6,Urban,Excellent,Yes,Yes,992697
3755,3,3.5,1940,5526,15.7,Urban,Good,Yes,No,768331
2125,4,3.5,2018,7637,7.4,Suburban,Good,Yes,Yes,471785
1309,2,2.5,1942,9457,8.8,Urban,Fair,No,No,198590
2132,3,1.5,1979,11188,7,Rural,Good,Yes,No,340540
1478,4,2,1965,6008,6.3,Urban,Fair,Yes,No,243338
3162,5,2.5,1974,14647,23.4,Urban,Good,Yes,No,650990
1355,2,1.5,2011,8102,23.2,Suburban,Excellent,No,Yes,287751
2298,4,1,1939,14926,3.4,Suburban,Poor,Yes,No,255506
2496,2,3,1969,1854,5.3,Rural,Good,Yes,Yes,432403
1394,3,3,2015,9189,10.8,Suburban,Good,No,No,239532
2681,4,4,1926,11729,14.8,Suburban,Poor,Yes,No,367599
1402,2,3.5,1994,7539,7.9,Urban,Excellent,Yes,No,454706
2504,4,2.5,1970,7607,6.6,Suburban,Good,Yes,Yes,483963
2877,2,4,1976,6811,18.2,Suburban,Good,Yes,No,496953
1209,2,3.5,1996,10517,11.7,Suburban,Fair,Yes,Yes,320314
2886,5,2.5,1997,16311,9.9,Suburban,Fair,Yes,No,489218
1608,4,4.5,1948,4879,15.1,Urban,Excellent,Yes,Yes,603700
2235,3,1.5,1998,9505,2.3,Urban,Fair,No,No,401791
2161,3,4.5,1990,7587,18.1,Suburban,Good,Yes,No,371472
1658,5,2.5,1982,17066,27.5,Rural,Excellent,Yes,No,355486
2214,2,2,1984,19639,7.2,Urban,Good,Yes,No,507945
1016,2,4,1999,12504,5.4,Suburban,Good,No,No,251908
1891,3,3.5,1979,10332,1.9,Suburban,Fair,Yes,No,308906
2661,4,3,1926,16831,5.5,Urban,Fair,Yes,No,639035
261,2,2,1953,7692,2.4,Suburban,Good,Yes,No,106852
810,3,3,1985,9716,7.6,Suburban,Fair,Yes,No,197003
1070,4,3.5,2020,15251,15.4,Urban,Good,No,No,257281
729,3,2.5,1943,10529,14.8,Rural,Fair,No,No,-7899
2336,2,2.5,1945,7623,12.5,Suburban,Good,Yes,No,393911
1206,2,3,2005,10925,22.5,Suburban,Excellent,Yes,No,263112
268,3,3,1945,7762,2.3,Suburban,Fair,Yes,No,137860
1490,3,2.5,1940,19350,14.5,Suburban,Good,Yes,No,278333
1687,3,1.5,1963,8084,1.8,Rural,Excellent,Yes,No,399572
2685,2,3,1972,14704,1.6,Suburban,Fair,Yes,Yes,498325
1117,4,4,1960,10006,4.7,Urban,Excellent,No,Yes,459260
2929,2,1.5,2011,16652,9.1,Urban,Good,Yes,No,657100
2319,6,2.5,1925,14654,13.7,Suburban,Good,Yes,No,486959
2290,3,4,1952,6756,6.3,Suburban,Fair,Yes,No,438956
1318,3,2,1935,11410,5.3,Urban,Fair,No,Yes,367839
3563,2,3,1927,9271,12.4,Rural,Good,Yes,No,540911
1869,3,2.5,1937,NA,6.9,Suburban,Fair,Yes,No,319593
540,6,3.5,1998,9768,27.6,Urban,Good,Yes,No,316720
1837,4,3,1942,12352,7.1,Urban,Fair,Yes,No,471894
452,2,4.5,1934,9415,12.3,Suburban,Good,Yes,No,144712
1752,3,4.5,1923,14778,1.6,Urban,Fair,No,No,435454
1662,3,3,1971,11566,4.9,Urban,Excellent,Yes,No,577987
2545,2,1.5,1951,3421,2.8,Suburban,Good,Yes,No,458113
2808,3,2,1951,9896,12.7,Suburban,Good,No,No,554715
1419,2,4.5,2007,8317,0.5,Suburban,Fair,Yes,Yes,374279
2645,5,2.5,1958,15582,6.8,Suburban,Good,Yes,No,497344
3139,3,2,1974,4242,17.7,Suburban,Good,Yes,Yes,501425
1373,3,2,1965,-225,7.2,Urban,Good,Yes,No,392234
1478,4,3,1959,12338,3.9,Suburban,Fair,No,No,431545
2521,3,1,1993,14710,12.8,Suburban,Poor,No,Yes,404039
2146,5,1,1975,NA,13.9,Suburban,Fair,No,No,364391
2439,3,2,NA,16764,17.9,Urban,Fair,No,No,482610
3124,5,2,1923,14510,7.1,Rural,Good,Yes,No,634207
2310,5,1,1929,5348,4.6,Suburban,Good,No,No,526083
2841,5,3.5,1952,14653,19.4,Rural,Excellent,Yes,Yes,595453
2498,3,3.5,2006,7056,12.6,Suburban,Fair,Yes,No,453565
2347,3,NA,1984,15525,3.9,Urban,Fair,Yes,No,576053
2309,6,1,1933,14964,1.8,Suburban,Fair,Yes,No,490423
3033,3,3.5,1972,9751,2.5,Suburban,Good,Yes,No,606829
1198,6,3.5,1950,15340,7.3,Suburban,Fair,Yes,No,228938
1116,4,2,2017,8661,10.2,Urban,Fair,Yes,No,262473
2474,2,2.5,1931,15055,13,Rural,Good,Yes,No,226386
1904,4,1,1958,-1532,12.1,Urban,Good,Yes,No,399252
2059,3,2.5,2006,4743,9.7,Suburban,Excellent,Yes,Yes,493861
2593,3,1.5,1972,10738,1,Rural,Poor,Yes,No,287231
2603,2,4,1974,7447,14.1,Suburban,Fair,Yes,Yes,380942
1790,3,2.5,1984,-3340,1.7,Suburban,Fair,Yes,No,254641
1750,4,4.5,1970,5824,6.3,Rural,Fair,No,Yes,354982
2059,3,3.5,2018,18070,4.4,Urban,Good,No,No,489331
2850,5,2.5,1955,3956,9.3,Urban,Good,Yes,No,687871
2341,6,4,1963,10835,3,Rural,Excellent,Yes,No,558728
3146,2,NA,1936,7531,3.5,Urban,Good,No,No,769935
1994,3,2.5,1940,10092,5.8,Suburban,Fair,No,No,317032
2901,6,3.5,1962,9113,5.9,Urban,Good,No,No,700720
2706,2,2.5,2000,9320,6.5,Urban,Good,Yes,No,753932
2490,5,3.5,1948,9387,8.2,Suburban,Good,Yes,No,542052
2332,2,2.5,2002,-885,4.8,Rural,Good,No,Yes,458985
1776,2,3.5,1935,10003,13.2,Suburban,Good,Yes,No,408751
1913,3,3,1958,10642,4.7,Urban,Fair,Yes,No,388408
2184,3,4,1969,12062,1.5,Suburban,Fair,Yes,No,453238
2039,4,4.5,1992,16836,28.5,Urban,Excellent,Yes,Yes,550136
2755,3,4.5,1939,10184,15.9,Suburban,Good,Yes,Yes,653168
1913,3,2,1953,11354,36.7,Suburban,Fair,Yes,No,295908
1944,3,2.5,2004,2862,5.2,Suburban,Fair,No,No,313418
1613,5,2.5,1987,10498,3.2,Suburban,Good,Yes,No,350700
1889,4,1.5,1988,2223,20,Suburban,Excellent,No,No,493657
1945,3,3,1966,19992,3.8,Suburban,Fair,No,No,375974
149,4,4.5,1938,8215,7.6,Urban,Fair,Yes,Yes,282760
908,3,1.5,1933,11761,0.4,Suburban,Good,Yes,Yes,208130
1942,4,3.5,2007,12207,12.2,Rural,Fair,Yes,No,357844
1788,3,1.5,1961,3463,2.9,Urban,Fair,Yes,No,326337
1039,4,2,2006,12334,14.3,Urban,Good,Yes,No,266878
407,2,3,2006,4636,8.1,Suburban,Excellent,Yes,No,233560
1717,2,1.5,1981,12293,15.6,Suburban,Fair,Yes,No,317045
2523,3,3.5,1951,6906,1.5,Suburban,Fair,Yes,No,484818
3419,3,3,1972,6600,3.6,Suburban,Fair,Yes,No,658265
1969,3,4,1980,12071,10.9,Suburban,Excellent,Yes,No,585906
3195,3,1.5,1990,11832,12,Urban,Good,Yes,No,699207
2066,4,2,2013,8755,6.2,Suburban,Good,Yes,No,428607
2092,3,2.5,1958,6318,2.2,Suburban,Good,Yes,Yes,442260
2260,3,4,1969,10970,25.1,Rural,Fair,Yes,Yes,344150
1304,2,1,1942,9756,6,Suburban,Fair,Yes,No,209113
1959,2,1.5,1973,14798,7,Urban,Good,Yes,No,371763
2727,2,3.5,1952,6840,2.7,Urban,Good,Yes,No,616671
1400,4,1,2015,9385,4.1,Suburban,Excellent,No,No,309927
1743,1,4.5,1984,21354,5.7,Rural,Fair,No,No,268516
1082,6,1,1923,3580,9.4,Suburban,Good,No,No,196718
2283,1,3,1974,11586,12.9,Suburban,Good,Yes,No,375103
2340,4,4,1955,12053,15.9,Suburban,Good,Yes,No,455889
2519,4,2,1972,7756,22.3,Rural,Good,Yes,No,394701
1024,1,3,1995,6452,19.9,Suburban,Good,No,No,165465
2086,3,3,1985,2714,5.2,Suburban,Fair,Yes,No,314846
1245,4,2.5,2008,2912,13.5,Urban,Excellent,Yes,No,430338
2000,3,4.5,1949,8680,6.7,Suburban,Fair,Yes,No,343254
3074,2,2.5,2018,16264,7.7,Urban,Fair,Yes,No,501406
1597,4,2,1979,10269,8.3,Rural,Excellent,No,No,310509
2573,3,4.5,2014,17729,5.5,Suburban,Good,Yes,No,532923
1400,3,1.5,NA,6989,35.6,Urban,Good,No,Yes,278491
1617,3,4,2013,12893,3.9,Suburban,Good,Yes,No,224282
2351,5,2,1973,10622,6.2,Suburban,Good,Yes,No,439690
1457,3,1.5,1937,11813,21.7,Suburban,Good,No,No,106659
638,4,1.5,1968,11027,13.6,Suburban,Excellent,No,Yes,158023
3012,4,1.5,1983,13889,3.3,Suburban,Good,Yes,No,601849
2288,3,2,1928,9961,15,Rural,Good,No,No,390033
1533,3,4,1990,14843,3.9,Suburban,Fair,No,Yes,350647
405,3,2.5,1942,12451,4.7,Suburban,Poor,Yes,No,61503
3522,4,NA,1936,9952,4.3,Urban,Good,Yes,No,827815
4712,2,4.5,1950,9436,6.7,Suburban,Good,Yes,No,882287
2166,3,2,1996,3617,7.1,Suburban,Good,Yes,No,437864
2680,3,3.5,1931,6757,6.2,Urban,Good,No,No,539688
2980,3,3.5,1974,8683,2.6,Suburban,Fair,Yes,No,493040
1439,2,2,1961,14678,6.2,Suburban,Good,No,No,267843
1719,2,1,1976,13957,7.6,Rural,Excellent,Yes,No,339112
618,3,2.5,1974,5969,2,Suburban,Good,Yes,No,229900
1411,3,2,2005,7618,15.8,Suburban,Good,No,No,149479
2498,6,3,1976,18686,9.2,Suburban,Good,No,No,531498
1767,2,3.5,1956,2937,6.7,Suburban,Fair,Yes,No,309056
1829,2,2,1940,10897,1,Urban,Good,Yes,No,405558
1910,3,2.5,1969,11388,16.2,Urban,Good,Yes,No,412728
509,3,2.5,1979,7491,5.4,Suburban,Good,No,Yes,170326
2670,4,1.5,1943,3138,26.8,Urban,Good,Yes,No,535470
845,3,1.5,1923,8032,8.8,Suburban,Poor,Yes,Yes,152301
1833,2,4,1961,23443,10.7,Urban,Fair,Yes,No,487547
1649,3,2.5,1931,9451,12.6,Suburban,Good,No,Yes,334389
1825,2,4,1959,8884,3.4,Suburban,Good,Yes,No,405114
3168,6,4,1977,10897,12.8,Urban,Fair,Yes,No,650863
1534,3,1.5,1978,4156,12.8,Suburban,Excellent,Yes,No,407666
1374,3,3.5,1960,13756,7.9,Urban,Good,No,No,317624
784,3,2.5,1954,13597,17.3,Suburban,Good,No,No,163954
1355,2,3,2005,8259,4.7,Suburban,Fair,Yes,No,239004
1067,3,3.5,1940,10297,4.5,Urban,Excellent,No,No,403189
2326,4,4,2000,7475,1.2,Urban,Good,Yes,No,614783
1310,3,4,1971,13449,0.9,Urban,Excellent,Yes,No,581106
2243,3,4.5,1995,1706,7.6,Suburban,Fair,No,Yes,406279
1883,3,2,1994,8889,1.9,Urban,Fair,No,No,454530
853,2,1,1942,13117,10.9,Suburban,Excellent,Yes,No,173017
1368,2,1.5,1934,18437,11.8,Urban,Fair,Yes,No,238065
2708,1,3.5,1950,5457,3,Suburban,Fair,Yes,No,434175
2722,4,3,1947,4407,20.6,Suburban,Excellent,Yes,No,565742
3604,3,3,1936,9459,1.6,Urban,Excellent,Yes,Yes,983867
1997,5,1,1949,9712,2.2,Urban,Fair,Yes,No,456347
803,3,1,1992,13790,11,Suburban,Fair,Yes,No,109470
1385,4,1.5,1999,9428,8.3,Urban,Fair,Yes,No,344158
2327,5,4.5,2010,7130,15,Suburban,Good,Yes,Yes,486299
3520,5,3.5,2011,19450,4.8,Suburban,Good,Yes,Yes,793281
2088,3,3,2009,8354,22.4,Rural,Good,No,No,296058
2912,3,1,1952,14404,13.1,Suburban,Good,Yes,Yes,534075
2614,2,2,2008,13722,6,Urban,Excellent,Yes,Yes,826054
1066,3,1.5,1949,7801,5.9,Suburban,Fair,Yes,No,265930
1863,5,3.5,1993,18312,1.9,Urban,Fair,Yes,No,507942
3044,5,2.5,1977,4221,12.3,Urban,Good,Yes,Yes,659400
2701,4,4,2016,5311,29.7,Suburban,Fair,No,No,510228
2371,2,2.5,1958,15836,8.1,Suburban,Good,Yes,No,492442
2382,5,2.5,1963,2213,4.9,Rural,Fair,Yes,Yes,318712
1607,3,1,1947,13187,21.4,Urban,Excellent,No,No,315712
944,3,2.5,1938,10987,1.1,Urban,Fair,Yes,No,330234
3036,3,3.5,1997,13697,9.1,Suburban,Fair,Yes,No,602311
864,5,4,1986,13907,7.4,Suburban,Poor,Yes,No,205914
1249,5,1.5,2020,6672,5.8,Rural,Fair,Yes,Yes,254068
2503,5,3,1963,6578,15.7,Rural,Excellent,Yes,No,567723
990,3,2.5,1952,14071,25.3,Urban,Excellent,No,No,181783
1559,3,3.5,1921,14442,5.2,Suburban,Fair,Yes,Yes,339640
1054,4,NA,1965,4432,4.9,Rural,Good,Yes,No,205531
2497,4,2.5,1926,3841,12.6,Rural,Good,Yes,No,412957
2357,2,3.5,1966,4627,22.4,Urban,Good,No,No,468633
2338,3,2,2000,9926,10.3,Suburban,Fair,No,No,415937
2354,3,2.5,1938,9895,5.7,Urban,Excellent,Yes,No,655251
2446,3,2,2005,21638,32.1,Suburban,Excellent,Yes,No,488836
2511,3,2.5,2016,12688,13,Urban,Good,Yes,Yes,690371
425,2,4,1978,9245,6.1,Suburban,Fair,Yes,No,63149
1881,4,4.5,2018,7360,8.4,Rural,Fair,Yes,No,315417
2090,2,3,1924,7325,5.1,Urban,Fair,No,No,375913
2580,2,3.5,2006,6901,2.6,Urban,Fair,Yes,No,524898
1050,4,4.5,1921,4529,10.7,Suburban,Good,Yes,Yes,360443
1600,5,3.5,1977,10874,6.6,Suburban,Poor,Yes,Yes,361979
1141,6,4.5,1958,-5946,7.1,Suburban,Excellent,Yes,No,321310
2846,2,3.5,2005,4153,14.8,Rural,Fair,Yes,No,421506
3023,4,2,2000,14958,12.6,Urban,Good,Yes,No,565597
2630,3,3.5,1971,10746,7.3,Suburban,Fair,Yes,No,332726
1022,3,2.5,1951,12773,12.2,Urban,Fair,Yes,No,198131
2362,2,4,1951,7052,26.1,Suburban,Good,No,No,424781
2920,5,NA,1979,17048,9.1,Urban,Excellent,Yes,No,811711
2134,4,2.5,1971,8513,4.8,Rural,Good,No,No,338317
1547,2,2.5,1980,12937,19.4,Suburban,Good,Yes,No,204673
1131,1,3,1982,10068,15.7,Suburban,Good,Yes,Yes,331355
1468,1,3.5,1923,12395,10.6,Rural,Poor,Yes,No,79388
2572,3,4.5,1983,7793,4.9,Rural,Excellent,Yes,No,491825
1655,3,2.5,1953,16220,4.2,Suburban,Poor,Yes,No,226724
2182,3,2,1987,7412,6.3,Urban,Fair,Yes,No,407852
3036,2,4,1991,24300,4.2,Urban,Excellent,Yes,No,836982
2463,5,4,1922,9191,8.5,Suburban,Good,Yes,Yes,515649
3092,4,3,2014,10631,5.1,Suburban,Good,No,No,582412
639,5,2,1960,6899,19.6,Suburban,Fair,No,No,49827
1775,4,2.5,1991,13665,7.3,Urban,Excellent,Yes,Yes,608537
2052,3,4.5,1958,10944,9.4,Suburban,Poor,Yes,No,237134
2463,3,3,1959,13177,15.8,Suburban,Fair,Yes,No,394490
1065,4,2,1923,13566,6,Suburban,Good,Yes,No,303395
2645,3,2.5,2005,6156,10.3,Urban,Excellent,Yes,No,697640
2246,3,1.5,1972,14129,1,Suburban,Fair,Yes,No,396145
2211,5,3,2007,4051,8.2,Urban,Good,Yes,Yes,575430
2407,3,4,1976,10767,32.2,Suburban,Fair,Yes,No,389054
1907,3,1,1950,14563,21.6,Urban,Fair,Yes,No,425552
2740,4,4,1943,2043,3.4,Urban,Good,Yes,No,762615
2519,2,2,1943,7793,7.4,Urban,Excellent,No,No,583776
1880,2,3.5,1930,7985,23.2,Suburban,Good,No,No,350235
2832,4,3.5,1946,-312,1.7,Suburban,Good,Yes,Yes,571726
2234,4,3,1957,8987,8.2,Suburban,Excellent,Yes,No,526280
2535,4,3,2019,17038,8.5,Urban,Good,No,No,572705
1525,3,3,1920,2963,19.4,Suburban,Poor,Yes,No,145444
3264,1,3.5,1970,4503,3.9,Suburban,Excellent,Yes,No,732948
1997,1,4.5,2018,8035,11.9,Urban,Excellent,Yes,No,604327
2678,3,4,1994,9703,26.5,Suburban,Fair,Yes,No,476936
1920,4,1.5,1954,10525,9.3,Suburban,Good,Yes,No,334634
1776,3,3,1937,10945,12,Suburban,Excellent,Yes,No,471556
2628,3,1.5,1927,8609,5.5,Urban,Good,No,No,479704
732,3,2.5,1967,21796,12.6,Urban,Good,Yes,No,149549
2383,4,1.5,2019,7762,4.4,Suburban,Poor,No,Yes,387257
2315,3,1.5,1953,3323,7.9,Suburban,Excellent,Yes,No,554328
-156,3,4,2014,2176,13.8,Suburban,Excellent,Yes,No,34326
2295,4,4.5,1937,9003,13,Suburban,Good,Yes,No,456476
265,2,2.5,2015,7302,10.1,Suburban,Excellent,Yes,Yes,150663
2528,3,2.5,2012,15248,14.1,Rural,Fair,Yes,No,296994
1637,6,2.5,1963,9064,2,Suburban,Poor,Yes,No,242499
1444,4,2.5,1936,10396,0.3,Suburban,Fair,Yes,No,278225
1995,2,4.5,1982,1912,4.6,Urban,Good,Yes,No,460890
3098,3,3.5,1934,8800,20.6,Suburban,Poor,Yes,Yes,389277
1492,5,2,1972,8641,2.7,Suburban,Good,No,No,279986
2446,4,2.5,1940,2985,13,Suburban,Fair,No,No,385511
2273,2,4.5,1996,5435,2.3,Suburban,Good,Yes,No,446326
1056,3,3,2010,5634,15.9,Suburban,Excellent,Yes,No,335836
607,3,1.5,1942,14136,7,Suburban,Good,Yes,No,243590
406,3,1,1993,12790,6.7,Suburban,Fair,No,No,59494
2441,3,4,1964,13472,8.6,Suburban,Good,No,No,563982
1972,2,NA,1980,17029,2.5,Suburban,Excellent,Yes,No,506108
3480,2,3,1935,8393,6.6,Suburban,Fair,No,No,483500
2459,3,1.5,1954,15915,21.9,Suburban,Excellent,Yes,Yes,520064
2680,6,2,1970,8671,5.7,Rural,Fair,Yes,No,430110
3068,4,1.5,1960,15781,4.8,Urban,Excellent,Yes,No,808344
1599,3,2.5,1957,3735,0.6,Suburban,Good,Yes,No,392300
2408,4,3.5,1948,6979,12.6,Suburban,Good,Yes,No,475256
2695,4,4,1992,14567,6.9,Suburban,Poor,Yes,Yes,311325
3095,2,4,1938,18287,1.5,Urban,Poor,Yes,No,422476
2610,3,4.5,2019,9806,4.5,Suburban,Fair,No,Yes,597570
2337,3,2.5,2013,8344,9.8,Suburban,Poor,Yes,No,372021
1305,3,1,2005,13130,4,Suburban,Good,Yes,No,291127
2584,2,2,1964,9397,10.8,Suburban,Poor,Yes,No,288129
2400,3,4.5,2011,10068,22.4,Urban,Good,Yes,No,591235
2507,3,2.5,1994,11261,15.5,Suburban,Good,Yes,Yes,419446
2339,6,4.5,2006,15448,9.1,Urban,Good,Yes,No,676524
1839,5,3.5,1997,4672,6.1,Suburban,Poor,Yes,No,312668
1939,5,2,1955,7794,10.4,Suburban,Fair,Yes,No,328995
2550,4,4,1979,13002,4.8,Suburban,Good,Yes,No,519031
2137,4,2.5,1929,-719,19,Suburban,Fair,Yes,No,314868
1336,4,4,1971,16477,14.5,Suburban,Good,Yes,No,340428
1768,5,2,2007,6757,7.1,Suburban,Good,No,No,320832
945,4,4.5,1939,4778,2.7,Urban,Good,Yes,No,260477
1226,3,2.5,1970,10838,4.2,Suburban,Fair,Yes,No,286584
1884,2,1.5,1952,21169,1.2,Urban,Good,Yes,No,439570
561,4,3.5,1949,6639,17.6,Urban,Fair,Yes,No,195219
649,2,1.5,1988,2527,3.5,Suburban,Excellent,Yes,No,122557
2882,2,3,1935,9334,6.7,Suburban,Good,Yes,No,566006
1539,3,3.5,1953,15851,8.8,Urban,Fair,Yes,Yes,429053
519,3,3,1973,8614,7.2,Urban,Poor,Yes,Yes,172262
1910,3,3,2006,12999,35.8,Urban,Good,No,No,321649
3057,3,4.5,1978,15783,6.4,Suburban,Poor,No,No,477877
2530,3,2,1939,1431,13,Suburban,Good,No,No,426908
2353,2,1,1951,13000,2.9,Suburban,Excellent,Yes,Yes,611558
2947,6,2,1988,7415,15.8,Urban,Excellent,Yes,Yes,922672
1383,2,2,1967,9702,2.4,Suburban,Excellent,Yes,No,363455
2584,3,4,1931,21225,10.1,Urban,Good,Yes,No,620931
1530,3,3,1974,11261,10.9,Suburban,Poor,No,Yes,314496
2001,2,1.5,1949,14054,3,Suburban,Good,Yes,No,344812
3772,3,2,1966,5052,13.1,Suburban,Fair,Yes,No,644726
2776,4,1.5,1920,12151,1.4,Rural,Excellent,Yes,No,544588
2614,3,4,1931,9382,3.2,Suburban,Fair,No,No,451530
1113,3,1,1991,8840,7,Rural,Fair,Yes,No,91940
1371,4,2,1993,12790,8.7,Suburban,Good,Yes,Yes,383214
3827,3,3,1993,2479,6.8,Suburban,Excellent,No,No,874051
1125,3,2,1926,16953,12.4,Suburban,Fair,No,No,191717
2172,3,4,2004,21413,2.1,Suburban,Good,Yes,No,500281
2714,4,4,1929,7794,0.7,Suburban,Good,Yes,No,518573
2815,4,4,2013,12594,13.1,Suburban,Good,Yes,No,582664
2871,3,4,1971,20269,12.2,Suburban,Fair,No,Yes,501439
1869,2,4,1998,5590,11.2,Urban,Fair,Yes,Yes,442866
